PO  ,M,PPHY,    ,CSCI060  HM ,2009,SP  ,PHY
PO  ,M,PMAT,    ,CSCI060  HM ,2010,SP  ,MAT
PO  ,M,PMAT,    ,CSCI060  HM ,2009,FA  ,MAT
PO  ,F,PMOB,    ,CSCI060  HM ,2012,SP  ,MOB
PO  ,M,PMUS,    ,CSCI060  HM ,2012,SP  ,MUS
PO  ,F,PPHY,PMAT,CSCI060  HM ,2011,FA  ,PHY
PO  ,M,PCSI,    ,CSCI060  HM ,2010,SP  ,CSI
PO  ,M,PMAT,    ,CSCI060  HM ,2012,FA  ,MAT
PO  ,M,PLCS,    ,CSCI060  HM ,2012,SP  ,LCS
PO  ,M,PECO,    ,CSCI060  HM ,2011,SP  ,ECO
PO  ,F,PNEU,    ,CSCI060  HM ,2012,FA  ,NEU
PO  ,F,PCSI,    ,CSCI060  HM ,2014,SP  ,CSI
PO  ,F,PPHY,    ,CSCI060  HM ,2013,FA  ,PHY
PO  ,M,PMAT,    ,CSCI060  HM ,2014,SP  ,MAT
PO  ,F,PNEU,    ,CSCI060  HM ,2012,FA  ,NEU
PO  ,F,PCHE,    ,CSCI060  HM ,2014,FA  ,CHE
PO  ,F,PPHI,    ,CSCI060  HM ,2012,SP  ,PHI
PO  ,M,PPHY,PMAT,CSCI060  HM ,2014,SP  ,PHY
PO  ,F,PCSI,    ,CSCI060  HM ,2012,SP  ,CSI
PO  ,M,PCHE,    ,CSCI060  HM ,2014,SP  ,CHE
PO  ,F,PCSI,    ,CSCI060  HM ,2011,SP  ,CSI
PO  ,M,PMAT,PPHI,CSCI060  HM ,2012,FA  ,MAT
PO  ,F,PNEU,    ,CSCI060  HM ,2014,SP  ,NEU
PO  ,F,PMAT,    ,CSCI060  HM ,2012,SP  ,MAT
PO  ,M,PECO,    ,CSCI060  HM ,2014,SP  ,ECO
PO  ,F,PRST,PMAT,CSCI060  HM ,2012,SP  ,RST
PO  ,M,PMAT,    ,CSCI060  HM ,2012,SP  ,MAT
PO  ,F,PCSI,    ,CSCI060  HM ,2013,SP  ,CSI
PO  ,F,PCSI,    ,CSCI060  HM ,2013,SP  ,CSI
PO  ,F,PCHE,    ,CSCI060  HM ,2014,FA  ,CHE
PO  ,M,PLCS,    ,CSCI060  HM ,2013,FA  ,LCS
PO  ,M,PMAT,    ,CSCI060  HM ,2015,SP  ,MAT
PO  ,M,PPHY,    ,CSCI060  HM ,2015,SP  ,PHY
PO  ,F,PMOB,    ,CSCI060  HM ,2013,FA  ,MOB
PO  ,M,PMAT,    ,CSCI060  HM ,2014,SP  ,MAT
PO  ,M,PNEU,    ,CSCI060  HM ,2013,SP  ,NEU
PO  ,F,PMAT,    ,CSCI060  HM ,2013,FA  ,MAT
PO  ,M,PECO,    ,CSCI060  HM ,2012,SP  ,ECO
PO  ,F,PPSY,    ,CSCI060  HM ,2014,FA  ,PSY
PO  ,M,PCSI,PMAT,CSCI060  HM ,2014,SP  ,CSI
PO  ,M,PPHY,    ,CSCI060  HM ,2014,SP  ,PHY
PO  ,F,PECO,PCSI,CSCI060  HM ,2013,FA  ,ECO
PO  ,M,PMAT,    ,CSCI060  HM ,2013,SP  ,MAT
PO  ,F,PMAT,    ,CSCI060  HM ,2014,FA  ,MAT
PO  ,M,PPHY,    ,CSCI060  HM ,2013,SP  ,PHY
PO  ,M,PMAT,    ,CSCI060  HM ,2013,SP  ,MAT
PO  ,M,PCHE,    ,CSCI060  HM ,2012,SP  ,CHE
PO  ,M,PMAT,PECO,CSCI060  HM ,2012,FA  ,MAT
PO  ,F,PPHY,    ,CSCI060  HM ,2015,FA  ,PHY
PO  ,M,PECO,    ,CSCI060  HM ,2014,SP  ,ECO
PO  ,F,PCHE,    ,CSCI060  HM ,2015,FA  ,CHE
PO  ,M,PMAT,    ,CSCI060  HM ,2014,SP  ,MAT
PO  ,M,PSPA,    ,CSCI060  HM ,2013,SP  ,SPA
PO  ,F,PMAT,    ,CSCI060  HM ,2015,FA  ,MAT
PO  ,F,PMAT,    ,CSCI060  HM ,2015,FA  ,MAT
PO  ,M,PCHE,    ,CSCI060  HM ,2014,SP  ,CHE
PO  ,F,PMAT,    ,CSCI060  HM ,2014,SP  ,MAT
PO  ,M,PPHY,    ,CSCI060  HM ,2014,SP  ,PHY
PO  ,F,PLCS,    ,CSCI060  HM ,2014,SP  ,LCS
PO  ,M,PCSI,    ,CSCI060  HM ,2014,SP  ,CSI
PO  ,M,PMAT,    ,CSCI060  HM ,2014,SP  ,MAT
PO  ,M,PCSI,    ,CSCI060  HM ,2013,SP  ,CSI
PO  ,M,PPHI,    ,CSCI060  HM ,2014,SP  ,PHI
PO  ,F,PMAT,PCSI,CSCI060  HM ,2014,SP  ,MAT
PO  ,M,PCHE,    ,CSCI060  HM ,2015,FA  ,CHE
PO  ,F,PCSI,    ,CSCI060  HM ,2014,SP  ,CSI
PO  ,F,PHIS,    ,CSCI060  HM ,2016,SP  ,HIS
PO  ,M,PCSI,    ,CSCI060  HM ,2014,SP  ,CSI
PO  ,F,PPHI,PMAT,CSCI060  HM ,2014,SP  ,PHI
PO  ,M,PEVA,    ,CSCI060  HM ,2015,FA  ,EVA
PO  ,F,PMAT,    ,CSCI060  HM ,2014,SP  ,MAT
PO  ,F,PCSI,    ,CSCI060  HM ,2014,FA  ,CSI
PO  ,F,PNEU,    ,CSCI060  HM ,2015,FA  ,NEU
PO  ,F,PNEU,    ,CSCI060  HM ,2016,SP  ,NEU
PO  ,F,PMAT,    ,CSCI060  HM ,2016,SP  ,MAT
PO  ,F,PCSI,    ,CSCI060  HM ,2014,FA  ,CSI
PO  ,M,PMAT,    ,CSCI060  HM ,2014,FA  ,MAT
PO  ,M,PMAT,    ,CSCI060  HM ,2014,FA  ,MAT
PO  ,M,PECO,    ,CSCI060  HM ,2014,SP  ,ECO
PO  ,M,PART,    ,CSCI060  HM ,2014,SP  ,ART
PO  ,F,PPOL,    ,CSCI060  HM ,2016,SP  ,POL
PO  ,M,PMAT,    ,CSCI060  HM ,2013,FA  ,MAT
PO  ,M,PMAT,    ,CSCI060  HM ,2014,SP  ,MAT
PO  ,F,PART,    ,CSCI060  HM ,2014,SP  ,ART
PO  ,F,PBIO,    ,CSCI060  HM ,2015,FA  ,BIO
PO  ,M,PHIS,    ,CSCI060  HM ,2014,SP  ,HIS
PO  ,M,PECO,    ,CSCI060  HM ,2016,SP  ,ECO
PO  ,M,PCSI,    ,CSCI060  HM ,2014,SP  ,CSI
PO  ,M,PECO,    ,CSCI060  HM ,2015,FA  ,ECO
PO  ,F,PMUS,    ,CSCI060  HM ,2017,FA  ,MUS
PO  ,M,PMAT,    ,CSCI060  HM ,2015,FA  ,MAT
PO  ,F,PPHY,    ,CSCI060  HM ,2017,FA  ,PHY
PO  ,M,PMAT,    ,CSCI060  HM ,2015,FA  ,MAT
PO  ,M,PSOC,    ,CSCI060  HM ,2015,FA  ,SOC
PO  ,M,PNEU,    ,CSCI060  HM ,2015,FA  ,NEU
PO  ,M,PNEU,    ,CSCI060  HM ,2016,SP  ,NEU
PO  ,M,PMAT,PECO,CSCI060  HM ,2017,SP  ,MAT
PO  ,M,PPHY,    ,CSCI060  HM ,2015,FA  ,PHY
PO  ,M,PMAT,    ,CSCI060  HM ,2016,SP  ,MAT
PO  ,F,PMAT,    ,CSCI060  HM ,2016,SP  ,MAT
PO  ,M,PUND,    ,CSCI060  HM ,2017,FA  ,UND
PO  ,M,PMDS,    ,CSCI060  HM ,2017,SP  ,MDS
PO  ,M,PMAT,    ,CSCI060  HM ,2017,FA  ,MAT
PO  ,M,PMAT,    ,CSCI060  HM ,2017,SP  ,MAT
PO  ,F,PUND,    ,CSCI060  HM ,2017,FA  ,UND
SC  ,F,SGEO,    ,CSCI060  HM ,2009,SP  ,GEO
SC  ,F,SBIO,    ,CSCI060  HM ,2009,SP  ,BIO
SC  ,F,SANT,    ,CSCI060  HM ,2009,SP  ,ANT
SC  ,F,SANT,    ,CSCI060  HM ,2009,SP  ,ANT
SC  ,F,SPHY,    ,CSCI060  HM ,2011,SP  ,PHY
SC  ,F,SEVA,    ,CSCI060  HM ,2012,FA  ,EVA
SC  ,F,SMDS,    ,CSCI060  HM ,2009,SP  ,MDS
SC  ,F,PLCS,    ,CSCI060  HM ,2014,SP  ,LCS
SC  ,F,SART,SMDS,CSCI060  HM ,2011,SP  ,ART
SC  ,F,SCSI,    ,CSCI060  HM ,2011,SP  ,CSI
SC  ,F,S32E,    ,CSCI060  HM ,2011,SP  ,32E
SC  ,F,SPSY,    ,CSCI060  HM ,2013,SP  ,PSY
SC  ,F,SPIR,    ,CSCI060  HM ,2014,SP  ,PIR
SC  ,F,PCSI,PLCS,CSCI060  HM ,2012,SP  ,CSI
SC  ,F,SMAT,    ,CSCI060  HM ,2014,SP  ,MAT
SC  ,F,SHIS,    ,CSCI060  HM ,2011,SP  ,HIS
SC  ,F,SPHY,    ,CSCI060  HM ,2012,SP  ,PHY
SC  ,F,HCSI,SMDS,CSCI060  HM ,2012,FA  ,CSI
SC  ,F,SENG,    ,CSCI060  HM ,2014,SP  ,ENG
SC  ,F,SMAT,    ,CSCI060  HM ,2012,SP  ,MAT
SC  ,F,SMEN,    ,CSCI060  HM ,2011,SP  ,MEN
SC  ,F,SMAT,SPHY,CSCI060  HM ,2012,SP  ,MAT
SC  ,F,HMCB,    ,CSCI060  HM ,2013,SP  ,MCB
SC  ,F,HCSI,    ,CSCI060  HM ,2011,SP  ,CSI
SC  ,F,SFRE,    ,CSCI060  HM ,2014,SP  ,FRE
SC  ,F,SMAT,    ,CSCI060  HM ,2013,FA  ,MAT
SC  ,F,SEVA,SGWS,CSCI060  HM ,2013,SP  ,EVA
SC  ,F,PLCS,    ,CSCI060  HM ,2014,FA  ,LCS
SC  ,F,SECO,    ,CSCI060  HM ,2013,SP  ,ECO
SC  ,F,HCSI,    ,CSCI060  HM ,2013,SP  ,CSI
SC  ,F,SSDM,    ,CSCI060  HM ,2013,SP  ,SDM
SC  ,F,HCSI,    ,CSCI060  HM ,2013,SP  ,CSI
SC  ,F,SBPH,    ,CSCI060  HM ,2014,SP  ,BPH
SC  ,F,SECO,SMAT,CSCI060  HM ,2014,FA  ,ECO
SC  ,F,SENG,    ,CSCI060  HM ,2014,FA  ,ENG
SC  ,F,SECO,    ,CSCI060  HM ,2014,SP  ,ECO
SC  ,F,HCSI,,CSCI060  HM ,2016,SP  ,CSI
SC  ,F,SENG,    ,CSCI060  HM ,2014,SP  ,ENG
SC  ,F,SMDS,    ,CSCI060  HM ,2014,FA  ,MDS
SC  ,F,SANT,SSTS,CSCI060  HM ,2014,SP  ,ANT
SC  ,F,SMAT,    ,CSCI060  HM ,2014,FA  ,MAT
SC  ,F,SPHY,    ,CSCI060  HM ,2014,SP  ,PHY
SC  ,F,SPHY,    ,CSCI060  HM ,2014,SP  ,PHY
SC  ,F,PEVA,    ,CSCI060  HM ,2016,FA  ,EVA
SC  ,F,SPHY,    ,CSCI060  HM ,2014,SP  ,PHY
SC  ,F,SPHY,    ,CSCI060  HM ,2014,FA  ,PHY
SC  ,F,S32E,    ,CSCI060  HM ,2014,FA  ,32E
SC  ,F,SPHY,    ,CSCI060  HM ,2016,SP  ,PHY
SC  ,F,SPHY,    ,CSCI060  HM ,2015,FA  ,PHY
SC  ,F,SMBI,    ,CSCI060  HM ,2017,SP  ,MBI
SC  ,F,HCSI,    ,CSCI060  HM ,2014,SP  ,CSI
SC  ,F,SBIO,    ,CSCI060  HM ,2016,SP  ,BIO
SC  ,F,SPHY,    ,CSCI060  HM ,2017,SP  ,PHY
SC  ,F,HCSI,    ,CSCI060  HM ,2016,SP  ,CSI
SC  ,F,SMDS,,CSCI060  HM ,2017,FA  ,MDS
SC  ,F,SSDM,,CSCI060  HM ,2017,SP  ,SDM
SC  ,F,HCSI,,CSCI060  HM ,2016,SP  ,CSI
SC  ,F,HMCB,    ,CSCI060  HM ,2016,SP  ,MCB
SC  ,F,HCSI,SART,CSCI060  HM ,2016,SP  ,CSI
SC  ,F,SSTS,    ,CSCI060  HM ,2015,FA  ,STS
SC  ,F,SSDM,,CSCI060  HM ,2015,FA  ,SDM
SC  ,F,SPOL,,CSCI060  HM ,2015,FA  ,POL
SC  ,F,SMDS,    ,CSCI060  HM ,2016,SP  ,MDS
SC  ,F,HCSI,,CSCI060  HM ,2016,SP  ,CSI
SC  ,F,SECO,,CSCI060  HM ,2017,SP  ,ECO
SC  ,F,HCSI,,CSCI060  HM ,2016,SP  ,CSI
SC  ,F,HCSI,SPSY,CSCI060  HM ,2017,SP  ,CSI
SC  ,F,HCSI,,CSCI060  HM ,2015,SP  ,CSI
SC  ,F,HCSI,    ,CSCI060  HM ,2016,SP  ,CSI
SC  ,F,SCHS,,CSCI060  HM ,2017,SP  ,CHS
SC  ,F,HCSI,,CSCI060  HM ,2017,SP  ,CSI
SC  ,F,HMCB,,CSCI060  HM ,2017,SP  ,MCB
SC  ,F,SMAT,SPHY,CSCI060  HM ,2017,SP  ,MAT
SC  ,F,HCSI,,CSCI060  HM ,2016,SP  ,CSI
SC  ,F,HMCB,    ,CSCI060  HM ,2017,SP  ,MCB
SC  ,F,HCSI,    ,CSCI060  HM ,2016,SP  ,CSI
SC  ,F,HCSI,    ,CSCI060  HM ,2016,SP  ,CSI
SC  ,F,HCSI,    ,CSCI060  HM ,2017,SP  ,CSI
SC  ,F,SUND,    ,CSCI060  HM ,2016,FA  ,UND
SC  ,F,SECO,,CSCI060  HM ,2017,SP  ,ECO
SC  ,F,SNEU,,CSCI060  HM ,2017,SP  ,NEU
SC  ,F,SUND,,CSCI060  HM ,2017,SP  ,UND
SC  ,F,HCSI,,CSCI060  HM ,2017,SP  ,CSI
SC  ,F,HCSI,,CSCI060  HM ,2017,SP  ,CSI
SC  ,F,HCSI,,CSCI060  HM ,2017,SP  ,CSI
SC  ,F,SUND,,CSCI060  HM ,2017,SP  ,UND
SC  ,F,SUND,    ,CSCI060  HM ,2017,FA  ,UND
SC  ,F,SUND,,CSCI060  HM ,2017,FA  ,UND
SC  ,F,SUND,,CSCI060  HM ,2017,FA  ,UND
SC  ,F,SUND,,CSCI060  HM ,2017,FA  ,UND
SC  ,F,SUND,,CSCI060  HM ,2017,FA  ,UND
SC  ,F,SUND,,CSCI060  HM ,2017,FA  ,UND
SC  ,F,HCSI,,CSCI060  HM ,2017,SP  ,CSI
CM  ,M,HCSI,    ,CSCI060  HM ,2009,FA  ,CSI
CM  ,M,MCHE,    ,CSCI060  HM ,2009,SP  ,CHE
CM  ,M,MECO,    ,CSCI060  HM ,2009,SP  ,ECO
CM  ,M,HCSI,    ,CSCI060  HM ,2012,SP  ,CSI
CM  ,F,MNEU,    ,CSCI060  HM ,2012,SP  ,NEU
CM  ,M,MPPE,    ,CSCI060  HM ,2012,SP  ,PPE
CM  ,M,MECO,    ,CSCI060  HM ,2011,FA  ,ECO
CM  ,F,MECO,    ,CSCI060  HM ,2013,SP  ,ECO
CM  ,F,MNEU,PCSI,CSCI060  HM ,2012,SP  ,NEU
CM  ,M,MSMG,    ,CSCI060  HM ,2014,SP  ,SMG
CM  ,M,PCSI,    ,CSCI060  HM ,2011,SP  ,CSI
CM  ,F,ME&E,    ,CSCI060  HM ,2011,SP  ,E&E
CM  ,F,MSMG,    ,CSCI060  HM ,2014,SP  ,SMG
CM  ,M,MECO,    ,CSCI060  HM ,2014,SP  ,ECO
CM  ,M,MSMG,    ,CSCI060  HM ,2014,SP  ,SMG
CM  ,F,MECO,    ,CSCI060  HM ,2014,SP  ,ECO
CM  ,M,MINT,    ,CSCI060  HM ,2014,SP  ,INT
CM  ,F,MMBI,    ,CSCI060  HM ,2012,SP  ,MBI
CM  ,F,MNEU,    ,CSCI060  HM ,2014,SP  ,NEU
CM  ,M,PCSI,    ,CSCI060  HM ,2012,SP  ,CSI
CM  ,F,MBIO,    ,CSCI060  HM ,2014,SP  ,BIO
CM  ,M,MBIO,    ,CSCI060  HM ,2014,SP  ,BIO
CM  ,M,MBIO,    ,CSCI060  HM ,2014,SP  ,BIO
CM  ,M,MNEU,    ,CSCI060  HM ,2014,SP  ,NEU
CM  ,M,MECO,    ,CSCI060  HM ,2012,SP  ,ECO
CM  ,M,MMAT,    ,CSCI060  HM ,2012,FA  ,MAT
CM  ,M,PCSI,    ,CSCI060  HM ,2013,SP  ,CSI
CM  ,M,MBPH,    ,CSCI060  HM ,2014,SP  ,BPH
CM  ,M,MPPE,    ,CSCI060  HM ,2015,FA  ,PPE
CM  ,F,MECO,    ,CSCI060  HM ,2014,SP  ,ECO
CM  ,F,PCSI,    ,CSCI060  HM ,2015,FA  ,CSI
CM  ,F,MSMG,    ,CSCI060  HM ,2014,FA  ,SMG
CM  ,M,PCSI,    ,CSCI060  HM ,2013,SP  ,CSI
CM  ,M,HCSI,    ,CSCI060  HM ,2014,SP  ,CSI
CM  ,M,MECO,    ,CSCI060  HM ,2013,FA  ,ECO
CM  ,F,MECO,    ,CSCI060  HM ,2014,FA  ,ECO
CM  ,F,MECO,    ,CSCI060  HM ,2014,SP  ,ECO
CM  ,F,MPSY,    ,CSCI060  HM ,2014,SP  ,PSY
CM  ,F,MPHI,    ,CSCI060  HM ,2012,FA  ,PHI
CM  ,M,MBIO,    ,CSCI060  HM ,2015,SP  ,BIO
CM  ,F,MINT,    ,CSCI060  HM ,2014,SP  ,INT
CM  ,F,MECO,    ,CSCI060  HM ,2014,FA  ,ECO
CM  ,M,MBIC,    ,CSCI060  HM ,2014,SP  ,BIC
CM  ,M,MPPE,    ,CSCI060  HM ,2014,FA  ,PPE
CM  ,M,HCSI,    ,CSCI060  HM ,2014,SP  ,CSI
CM  ,M,MECO,    ,CSCI060  HM ,2014,FA  ,ECO
CM  ,F,MECO,    ,CSCI060  HM ,2014,SP  ,ECO
CM  ,M,HCSI,MECO,CSCI060  HM ,2013,SP  ,CSI
CM  ,M,MECO,    ,CSCI060  HM ,2014,FA  ,ECO
CM  ,M,MPHY,MPHI,CSCI060  HM ,2015,SP  ,PHY
CM  ,F,MGOV,    ,CSCI060  HM ,2014,SP  ,GOV
CM  ,M,MECO,    ,CSCI060  HM ,2016,SP  ,ECO
CM  ,M,HCSI,    ,CSCI060  HM ,2014,FA  ,CSI
CM  ,F,PLCS,    ,CSCI060  HM ,2014,SP  ,LCS
CM  ,F,MMAT,    ,CSCI060  HM ,2014,SP  ,MAT
CM  ,M,PCSI,    ,CSCI060  HM ,2014,SP  ,CSI
CM  ,F,HCSI,    ,CSCI060  HM ,2014,SP  ,CSI
CM  ,F,MECO,    ,CSCI060  HM ,2015,FA  ,ECO
CM  ,M,MECO,    ,CSCI060  HM ,2014,SP  ,ECO
CM  ,F,MSMG,    ,CSCI060  HM ,2014,SP  ,SMG
CM  ,M,MECO,    ,CSCI060  HM ,2017,SP  ,ECO
CM  ,M,PCSI,    ,CSCI060  HM ,2014,SP  ,CSI
CM  ,F,MECO,    ,CSCI060  HM ,2014,SP  ,ECO
CM  ,F,MSMG,    ,CSCI060  HM ,2015,FA  ,SMG
CM  ,M,MECO,    ,CSCI060  HM ,2013,FA  ,ECO
CM  ,M,MMAT,MBPH,CSCI060  HM ,2016,SP  ,MAT
CM  ,M,MECO,    ,CSCI060  HM ,2015,FA  ,ECO
CM  ,F,MNEU,    ,CSCI060  HM ,2012,FA  ,NEU
CM  ,F,ME&E,    ,CSCI060  HM ,2017,SP  ,E&E
CM  ,M,MPHI,    ,CSCI060  HM ,2014,SP  ,PHI
CM  ,M,MECO,    ,CSCI060  HM ,2016,FA  ,ECO
CM  ,F,MECO,    ,CSCI060  HM ,2016,SP  ,ECO
CM  ,M,MMBI,    ,CSCI060  HM ,2016,SP  ,MBI
CM  ,M,PCSI,    ,CSCI060  HM ,2014,SP  ,CSI
CM  ,M,MMGE,    ,CSCI060  HM ,2014,SP  ,MGE
CM  ,M,MNEU,    ,CSCI060  HM ,2016,SP  ,NEU
CM  ,M,MMAT,    ,CSCI060  HM ,2016,SP  ,MAT
CM  ,M,MBCH,    ,CSCI060  HM ,2015,FA  ,BCH
CM  ,F,PCSI,MECO,CSCI060  HM ,2014,FA  ,CSI
CM  ,M,MSMG,    ,CSCI060  HM ,2015,FA  ,SMG
CM  ,F,HCSI,    ,CSCI060  HM ,2014,SP  ,CSI
CM  ,M,MPPE,    ,CSCI060  HM ,2016,SP  ,PPE
CM  ,M,MMAT,    ,CSCI060  HM ,2015,FA  ,MAT
CM  ,F,MNEU,    ,CSCI060  HM ,2015,FA  ,NEU
CM  ,M,MNEU,    ,CSCI060  HM ,2017,SP  ,NEU
CM  ,F,MPSY,    ,CSCI060  HM ,2015,FA  ,PSY
CM  ,M,MPHY,    ,CSCI060  HM ,2015,FA  ,PHY
CM  ,M,MECO,    ,CSCI060  HM ,2014,SP  ,ECO
CM  ,M,MECO,    ,CSCI060  HM ,2016,SP  ,ECO
CM  ,M,HCSI,    ,CSCI060  HM ,2015,SP  ,CSI
CM  ,F,MGOV,    ,CSCI060  HM ,2016,SP  ,GOV
CM  ,M,MPPE,    ,CSCI060  HM ,2017,SP  ,PPE
CM  ,F,HCSI,    ,CSCI060  HM ,2016,SP  ,CSI
CM  ,M,MMGE,    ,CSCI060  HM ,2017,FA  ,MGE
CM  ,F,HCSI,    ,CSCI060  HM ,2015,FA  ,CSI
CM  ,F,MECO,MMAT,CSCI060  HM ,2017,SP  ,ECO
CM  ,M,PCSI,    ,CSCI060  HM ,2016,SP  ,CSI
CM  ,M,MECA,    ,CSCI060  HM ,2016,SP  ,ECA
CM  ,M,HCSI,MECO,CSCI060  HM ,2015,FA  ,CSI
CM  ,F,MECO,    ,CSCI060  HM ,2017,SP  ,ECO
CM  ,M,HCSI,MECO,CSCI060  HM ,2017,SP  ,CSI
CM  ,F,MMAT,    ,CSCI060  HM ,2016,SP  ,MAT
CM  ,M,HCSI,    ,CSCI060  HM ,2015,FA  ,CSI
CM  ,F,MECO,    ,CSCI060  HM ,2015,FA  ,ECO
CM  ,M,MECO,    ,CSCI060  HM ,2017,SP  ,ECO
CM  ,F,MECO,    ,CSCI060  HM ,2016,FA  ,ECO
CM  ,M,MMGE,    ,CSCI060  HM ,2016,SP  ,MGE
CM  ,M,MECO,MMAT,CSCI060  HM ,2016,SP  ,ECO
CM  ,M,HCSI,    ,CSCI060  HM ,2015,FA  ,CSI
CM  ,M,MMAT,    ,CSCI060  HM ,2017,SP  ,MAT
CM  ,F,MECO,    ,CSCI060  HM ,2016,FA  ,ECO
CM  ,M,MNEU,    ,CSCI060  HM ,2017,SP  ,NEU
CM  ,M,HCSI,    ,CSCI060  HM ,2015,FA  ,CSI
CM  ,M,MECO,    ,CSCI060  HM ,2016,SP  ,ECO
CM  ,M,PCSI,    ,CSCI060  HM ,2014,FA  ,CSI
CM  ,M,MMBI,    ,CSCI060  HM ,2016,SP  ,MBI
CM  ,M,MPPE,    ,CSCI060  HM ,2015,FA  ,PPE
CM  ,M,MECO,    ,CSCI060  HM ,2015,FA  ,ECO
CM  ,M,MECO,    ,CSCI060  HM ,2017,SP  ,ECO
CM  ,F,MPPE,    ,CSCI060  HM ,2016,FA  ,PPE
CM  ,M,HCSI,    ,CSCI060  HM ,2016,SP  ,CSI
CM  ,M,MINT,    ,CSCI060  HM ,2017,SP  ,INT
CM  ,F,MEEP,    ,CSCI060  HM ,2017,SP  ,EEP
CM  ,M,MECO,    ,CSCI060  HM ,2017,SP  ,ECO
CM  ,F,MBPH,    ,CSCI060  HM ,2017,SP  ,BPH
CM  ,F,ME&E,    ,CSCI060  HM ,2017,SP  ,E&E
CM  ,M,HCSI,    ,CSCI060  HM ,2017,SP  ,CSI
CM  ,M,HCSI,    ,CSCI060  HM ,2017,SP  ,CSI
CM  ,F,HCSI,    ,CSCI060  HM ,2016,SP  ,CSI
CM  ,M,MMAT,    ,CSCI060  HM ,2017,SP  ,MAT
CM  ,M,HCSI,    ,CSCI060  HM ,2017,SP  ,CSI
CM  ,F,MMGE,    ,CSCI060  HM ,2017,SP  ,MGE
CM  ,M,HCSI,    ,CSCI060  HM ,2017,SP  ,CSI
CM  ,F,PCSI,    ,CSCI060  HM ,2016,SP  ,CSI
CM  ,M,MECO,    ,CSCI060  HM ,2016,SP  ,ECO
CM  ,M,HCSI,    ,CSCI060  HM ,2016,SP  ,CSI
CM  ,F,MSMG,    ,CSCI060  HM ,2017,SP  ,SMG
CM  ,F,MHIS,    ,CSCI060  HM ,2017,FA  ,HIS
CM  ,M,MECO,    ,CSCI060  HM ,2017,SP  ,ECO
CM  ,M,MPPE,    ,CSCI060  HM ,2017,FA  ,PPE
CM  ,F,MMAT,    ,CSCI060  HM ,2017,SP  ,MAT
CM  ,F,MMAT,    ,CSCI060  HM ,2017,FA  ,MAT
CM  ,M,MECO,    ,CSCI060  HM ,2017,FA  ,ECO
CM  ,F,MUND,    ,CSCI060  HM ,2017,FA  ,UND
CM  ,M,MUND,    ,CSCI060  HM ,2017,FA  ,UND
CM  ,F,HCSI,    ,CSCI060  HM ,2017,SP  ,CSI
CM  ,M,MECO,    ,CSCI060  HM ,2017,FA  ,ECO
CM  ,F,ME&E,    ,CSCI060  HM ,2017,FA  ,E&E
CM  ,M,HCSI,    ,CSCI060  HM ,2017,FA  ,CSI
CM  ,M,HCSI,    ,CSCI060  HM ,2017,SP  ,CSI
CM  ,F,HCSI,    ,CSCI060  HM ,2017,SP  ,CSI
CM  ,M,MMGE,    ,CSCI060  HM ,2017,FA  ,MGE
CM  ,M,HCSI,MECO,CSCI060  HM ,2017,FA  ,CSI
CM  ,M,MUND,    ,CSCI060  HM ,2017,FA  ,UND
CM  ,F,ME&E,    ,CSCI060  HM ,2017,FA  ,E&E
CM  ,F,HCSI,    ,CSCI060  HM ,2017,FA  ,CSI
CM  ,M,MGOV,    ,CSCI060  HM ,2017,FA  ,GOV
CM  ,F,MMGE,    ,CSCI060  HM ,2017,FA  ,MGE
CM  ,F,HCSI,    ,CSCI060  HM ,2017,FA  ,CSI
CM  ,M,ME&E,    ,CSCI060  HM ,2017,FA  ,E&E
CM  ,F,ME&E,    ,CSCI060  HM ,2017,FA  ,E&E
CM  ,M,ME&E,    ,CSCI060  HM ,2017,FA  ,E&E
CM  ,M,MECO,    ,CSCI060  HM ,2017,FA  ,ECO
CM  ,F,MMGE,    ,CSCI060  HM ,2017,FA  ,MGE
CM  ,M,MECO,    ,CSCI060  HM ,2017,FA  ,ECO
CM  ,F,HCSI,MNEU,CSCI060  HM ,2017,FA  ,CSI
CM  ,F,ME&E,    ,CSCI060  HM ,2017,FA  ,E&E
CM  ,F,MNEU,    ,CSCI060  HM ,2017,FA  ,NEU
CM  ,F,MBIO,    ,CSCI060  HM ,2017,FA  ,BIO
CM  ,M,MPHI,    ,CSCI060  HM ,2017,FA  ,PHI
CM  ,F,MUND,    ,CSCI060  HM ,2017,FA  ,UND
CM  ,M,MMGE,    ,CSCI060  HM ,2017,FA  ,MGE
CM  ,F,HCSI,MECO,CSCI060  HM ,2017,SP  ,CSI
HM  ,M,HPHY,    ,CSCI060  HM ,2009,SP  ,PHY
HM  ,M,HEGR,    ,CSCI060  HM ,2009,SP  ,EGR
HM  ,M,HEGR,    ,CSCI060  HM ,2009,SP  ,EGR
HM  ,M,HEGR,    ,CSCI060  HM ,2010,SP  ,EGR
HM  ,M,HEGR,    ,CSCI060  HM ,2009,SP  ,EGR
HM  ,F,HCHE,    ,CSCI060  HM ,2009,SP  ,CHE
HM  ,F,HEGR,    ,CSCI060  HM ,2009,SP  ,EGR
HM  ,F,HEGR,    ,CSCI060  HM ,2009,SP  ,EGR
HM  ,M,HCSM,    ,CSCI060  HM ,2010,SP  ,CSM
HM  ,F,HEGR,    ,CSCI060  HM ,2010,SP  ,EGR
HM  ,F,HEGR,    ,CSCI060  HM ,2010,SP  ,EGR
HM  ,F,HEGR,    ,CSCI060  HM ,2009,FA  ,EGR
HM  ,M,HEGR,    ,CSCI060  HM ,2010,SP  ,EGR
HM  ,F,HEGR,    ,CSCI060  HM ,2009,SP  ,EGR
HM  ,F,HPHY,    ,CSCI060  HM ,2010,SP  ,PHY
HM  ,M,HMAT,    ,CSCI060  HM ,2009,FA  ,MAT
HM  ,M,HEGR,    ,CSCI060  HM ,2010,FA  ,EGR
HM  ,M,HUND,    ,CSCI060  HM ,2009,FA  ,UND
HM  ,M,HEGR,    ,CSCI060  HM ,2009,FA  ,EGR
HM  ,M,HEGR,    ,CSCI060  HM ,2009,FA  ,EGR
HM  ,M,HPHY,    ,CSCI060  HM ,2010,SP  ,PHY
HM  ,M,HPHY,    ,CSCI060  HM ,2009,FA  ,PHY
HM  ,M,HPHY,    ,CSCI060  HM ,2009,SP  ,PHY
HM  ,M,HEGR,    ,CSCI060  HM ,2009,SP  ,EGR
HM  ,F,HEGR,    ,CSCI060  HM ,2011,SP  ,EGR
HM  ,M,HPHY,    ,CSCI060  HM ,2010,SP  ,PHY
HM  ,M,HEGR,    ,CSCI060  HM ,2010,SP  ,EGR
HM  ,M,HEGR,    ,CSCI060  HM ,2010,SP  ,EGR
HM  ,F,HPHY,    ,CSCI060  HM ,2009,SP  ,PHY
HM  ,F,HEGR,    ,CSCI060  HM ,2011,SP  ,EGR
HM  ,F,HEGR,    ,CSCI060  HM ,2010,SP  ,EGR
HM  ,M,HEGR,    ,CSCI060  HM ,2010,SP  ,EGR
HM  ,M,HEGR,    ,CSCI060  HM ,2012,SP  ,EGR
HM  ,M,HMAT,    ,CSCI060  HM ,2011,SP  ,MAT
HM  ,M,HMAT,    ,CSCI060  HM ,2010,SP  ,MAT
HM  ,M,HEGR,    ,CSCI060  HM ,2012,SP  ,EGR
HM  ,M,HCSI,    ,CSCI060  HM ,2009,FA  ,CSI
HM  ,F,HCSI,    ,CSCI060  HM ,2009,SP  ,CSI
HM  ,M,HEGR,    ,CSCI060  HM ,2009,SP  ,EGR
HM  ,M,HMAT,    ,CSCI060  HM ,2009,FA  ,MAT
HM  ,F,HCHB,    ,CSCI060  HM ,2009,SP  ,CHB
HM  ,M,HCSM,    ,CSCI060  HM ,2010,FA  ,CSM
HM  ,F,HCHE,    ,CSCI060  HM ,2009,FA  ,CHE
HM  ,F,HMAT,    ,CSCI060  HM ,2010,FA  ,MAT
HM  ,F,HCHB,    ,CSCI060  HM ,2011,SP  ,CHB
HM  ,F,HMAT,    ,CSCI060  HM ,2010,SP  ,MAT
HM  ,M,HEGR,    ,CSCI060  HM ,2010,SP  ,EGR
HM  ,M,HCHE,    ,CSCI060  HM ,2010,SP  ,CHE
HM  ,M,HEGR,    ,CSCI060  HM ,2010,SP  ,EGR
HM  ,F,HCSI,    ,CSCI060  HM ,2009,SP  ,CSI
HM  ,M,HMAT,    ,CSCI060  HM ,2011,SP  ,MAT
HM  ,M,HEGR,    ,CSCI060  HM ,2009,SP  ,EGR
HM  ,M,HEGR,    ,CSCI060  HM ,2011,SP  ,EGR
HM  ,M,HEGR,    ,CSCI060  HM ,2009,SP  ,EGR
HM  ,M,HEGR,    ,CSCI060  HM ,2012,SP  ,EGR
HM  ,M,HPHY,    ,CSCI060  HM ,2009,SP  ,PHY
HM  ,M,HUND,    ,CSCI060  HM ,2009,SP  ,UND
HM  ,F,HCSM,    ,CSCI060  HM ,2009,FA  ,CSM
HM  ,M,HMAT,    ,CSCI060  HM ,2009,SP  ,MAT
HM  ,M,HPHY,    ,CSCI060  HM ,2011,SP  ,PHY
HM  ,M,HMAT,    ,CSCI060  HM ,2009,SP  ,MAT
HM  ,M,HEGR,    ,CSCI060  HM ,2012,SP  ,EGR
HM  ,M,HEGR,    ,CSCI060  HM ,2010,SP  ,EGR
HM  ,F,HCHB,    ,CSCI060  HM ,2011,SP  ,CHB
HM  ,M,HCSI,    ,CSCI060  HM ,2009,SP  ,CSI
HM  ,F,HEGR,    ,CSCI060  HM ,2009,FA  ,EGR
HM  ,F,HCSM,    ,CSCI060  HM ,2009,FA  ,CSM
HM  ,M,HEGR,    ,CSCI060  HM ,2010,SP  ,EGR
HM  ,M,HEGR,    ,CSCI060  HM ,2009,SP  ,EGR
HM  ,M,HEGR,    ,CSCI060  HM ,2010,FA  ,EGR
HM  ,F,HPHY,    ,CSCI060  HM ,2009,FA  ,PHY
HM  ,M,HCSM,    ,CSCI060  HM ,2009,SP  ,CSM
HM  ,M,HCHE,    ,CSCI060  HM ,2011,SP  ,CHE
HM  ,M,HEGR,    ,CSCI060  HM ,2010,SP  ,EGR
HM  ,M,HMAT,    ,CSCI060  HM ,2009,SP  ,MAT
HM  ,M,HMAT,    ,CSCI060  HM ,2010,SP  ,MAT
HM  ,M,HPHY,    ,CSCI060  HM ,2009,FA  ,PHY
HM  ,M,HEGR,    ,CSCI060  HM ,2010,SP  ,EGR
HM  ,F,HCSM,    ,CSCI060  HM ,2009,FA  ,CSM
HM  ,M,HCHB,    ,CSCI060  HM ,2009,SP  ,CHB
HM  ,F,HCHE,    ,CSCI060  HM ,2010,SP  ,CHE
HM  ,M,HCSM,    ,CSCI060  HM ,2009,SP  ,CSM
HM  ,M,HPHY,    ,CSCI060  HM ,2010,SP  ,PHY
HM  ,M,HEGR,    ,CSCI060  HM ,2011,FA  ,EGR
HM  ,M,HCSM,    ,CSCI060  HM ,2009,SP  ,CSM
HM  ,F,HCHE,    ,CSCI060  HM ,2012,SP  ,CHE
HM  ,F,HCSI,    ,CSCI060  HM ,2009,SP  ,CSI
HM  ,F,HEGR,    ,CSCI060  HM ,2012,SP  ,EGR
HM  ,F,HCSI,    ,CSCI060  HM ,2010,SP  ,CSI
HM  ,M,HEGR,    ,CSCI060  HM ,2009,FA  ,EGR
HM  ,F,HMAT,    ,CSCI060  HM ,2009,SP  ,MAT
HM  ,M,HCSM,    ,CSCI060  HM ,2009,FA  ,CSM
HM  ,F,HCSI,    ,CSCI060  HM ,2009,SP  ,CSI
HM  ,F,HCSI,    ,CSCI060  HM ,2009,FA  ,CSI
HM  ,M,HEGR,    ,CSCI060  HM ,2009,FA  ,EGR
HM  ,M,HEGR,    ,CSCI060  HM ,2010,SP  ,EGR
HM  ,M,HCSI,    ,CSCI060  HM ,2009,FA  ,CSI
HM  ,M,HCSM,    ,CSCI060  HM ,2010,SP  ,CSM
HM  ,M,HCSI,    ,CSCI060  HM ,2009,SP  ,CSI
HM  ,M,HCSM,    ,CSCI060  HM ,2009,FA  ,CSM
HM  ,M,HCSI,    ,CSCI060  HM ,2009,SP  ,CSI
HM  ,F,HMAT,    ,CSCI060  HM ,2009,SP  ,MAT
HM  ,F,HMAT,    ,CSCI060  HM ,2009,SP  ,MAT
HM  ,F,HPHY,    ,CSCI060  HM ,2009,SP  ,PHY
HM  ,F,HCSI,    ,CSCI060  HM ,2009,SP  ,CSI
HM  ,F,HCSI,    ,CSCI060  HM ,2009,SP  ,CSI
HM  ,M,HCSI,    ,CSCI060  HM ,2009,FA  ,CSI
HM  ,M,HCSM,    ,CSCI060  HM ,2009,SP  ,CSM
HM  ,F,HEGR,    ,CSCI060  HM ,2010,SP  ,EGR
HM  ,F,HIPS,    ,CSCI060  HM ,2009,FA  ,IPS
HM  ,M,HPTS,    ,CSCI060  HM ,2009,SP  ,PTS
HM  ,F,HUND,    ,CSCI060  HM ,2009,SP  ,UND
HM  ,M,HMAT,    ,CSCI060  HM ,2009,SP  ,MAT
HM  ,M,HEGR,    ,CSCI060  HM ,2013,FA  ,EGR
HM  ,M,HCSI,    ,CSCI060  HM ,2009,SP  ,CSI
HM  ,M,HEGR,    ,CSCI060  HM ,2011,SP  ,EGR
HM  ,F,HMCB,    ,CSCI060  HM ,2009,FA  ,MCB
HM  ,F,HPHY,    ,CSCI060  HM ,2011,FA  ,PHY
HM  ,M,HPHY,    ,CSCI060  HM ,2010,SP  ,PHY
HM  ,M,HCSM,    ,CSCI060  HM ,2009,SP  ,CSM
HM  ,M,HCSM,    ,CSCI060  HM ,2009,SP  ,CSM
HM  ,M,HCSI,    ,CSCI060  HM ,2009,SP  ,CSI
HM  ,F,HPHY,    ,CSCI060  HM ,2010,FA  ,PHY
HM  ,F,HEGR,    ,CSCI060  HM ,2012,SP  ,EGR
HM  ,F,HEGR,MECO,CSCI060  HM ,2011,FA  ,EGR
HM  ,F,HCSI,    ,CSCI060  HM ,2009,FA  ,CSI
HM  ,F,HCSI,    ,CSCI060  HM ,2009,SP  ,CSI
HM  ,F,HCSM,    ,CSCI060  HM ,2009,SP  ,CSM
HM  ,M,HEGR,    ,CSCI060  HM ,2011,SP  ,EGR
HM  ,M,HCSI,    ,CSCI060  HM ,2009,SP  ,CSI
HM  ,F,HCSM,    ,CSCI060  HM ,2009,FA  ,CSM
HM  ,M,HMAT,    ,CSCI060  HM ,2010,FA  ,MAT
HM  ,M,HEGR,    ,CSCI060  HM ,2011,SP  ,EGR
HM  ,M,HMAB,    ,CSCI060  HM ,2012,SP  ,MAB
HM  ,M,HCHE,    ,CSCI060  HM ,2011,FA  ,CHE
HM  ,M,HMAT,    ,CSCI060  HM ,2009,FA  ,MAT
HM  ,F,HCSI,    ,CSCI060  HM ,2010,FA  ,CSI
HM  ,M,HMAT,    ,CSCI060  HM ,2010,SP  ,MAT
HM  ,M,HEGR,    ,CSCI060  HM ,2010,SP  ,EGR
HM  ,M,HUND,    ,CSCI060  HM ,2009,SP  ,UND
HM  ,M,HEGR,    ,CSCI060  HM ,2012,FA  ,EGR
HM  ,M,HEGR,    ,CSCI060  HM ,2011,SP  ,EGR
HM  ,M,HMCB,    ,CSCI060  HM ,2010,FA  ,MCB
HM  ,F,HCSI,    ,CSCI060  HM ,2009,SP  ,CSI
HM  ,F,HUND,    ,CSCI060  HM ,2009,SP  ,UND
HM  ,M,HPHY,    ,CSCI060  HM ,2010,SP  ,PHY
HM  ,F,HMAT,    ,CSCI060  HM ,2012,SP  ,MAT
HM  ,M,HCHE,    ,CSCI060  HM ,2009,SP  ,CHE
HM  ,M,HMAT,    ,CSCI060  HM ,2009,FA  ,MAT
HM  ,M,HEGR,    ,CSCI060  HM ,2014,SP  ,EGR
HM  ,M,HEGR,    ,CSCI060  HM ,2010,SP  ,EGR
HM  ,F,HCSM,    ,CSCI060  HM ,2010,SP  ,CSM
HM  ,M,HCSI,    ,CSCI060  HM ,2010,SP  ,CSI
HM  ,M,HPHY,    ,CSCI060  HM ,2012,SP  ,PHY
HM  ,F,HPHY,    ,CSCI060  HM ,2011,SP  ,PHY
HM  ,M,HEGR,    ,CSCI060  HM ,2010,SP  ,EGR
HM  ,M,HCSM,    ,CSCI060  HM ,2010,SP  ,CSM
HM  ,M,HCSI,    ,CSCI060  HM ,2010,FA  ,CSI
HM  ,F,HMCB,    ,CSCI060  HM ,2010,FA  ,MCB
HM  ,M,HEGR,    ,CSCI060  HM ,2012,SP  ,EGR
HM  ,M,HEGR,    ,CSCI060  HM ,2011,SP  ,EGR
HM  ,M,HEGR,    ,CSCI060  HM ,2012,FA  ,EGR
HM  ,M,HCSM,    ,CSCI060  HM ,2010,FA  ,CSM
HM  ,M,HCSM,    ,CSCI060  HM ,2010,FA  ,CSM
HM  ,M,HPHY,    ,CSCI060  HM ,2011,SP  ,PHY
HM  ,F,HCSI,    ,CSCI060  HM ,2010,SP  ,CSI
HM  ,F,HMAT,    ,CSCI060  HM ,2012,SP  ,MAT
HM  ,M,HCSI,    ,CSCI060  HM ,2010,SP  ,CSI
HM  ,M,HEGR,    ,CSCI060  HM ,2013,SP  ,EGR
HM  ,M,HCSM,    ,CSCI060  HM ,2010,SP  ,CSM
HM  ,F,HEGR,    ,CSCI060  HM ,2012,SP  ,EGR
HM  ,F,HCSI,    ,CSCI060  HM ,2010,FA  ,CSI
HM  ,F,HCSM,    ,CSCI060  HM ,2011,SP  ,CSM
HM  ,M,HCSI,    ,CSCI060  HM ,2010,SP  ,CSI
HM  ,M,HMCB,    ,CSCI060  HM ,2010,FA  ,MCB
HM  ,F,HEGR,    ,CSCI060  HM ,2011,SP  ,EGR
HM  ,M,HPHY,    ,CSCI060  HM ,2011,FA  ,PHY
HM  ,M,HPHY,    ,CSCI060  HM ,2011,SP  ,PHY
HM  ,F,HEGR,    ,CSCI060  HM ,2013,SP  ,EGR
HM  ,M,HMCB,    ,CSCI060  HM ,2011,SP  ,MCB
HM  ,M,HCSM,    ,CSCI060  HM ,2010,SP  ,CSM
HM  ,M,HEGR,    ,CSCI060  HM ,2010,FA  ,EGR
HM  ,M,HMAT,    ,CSCI060  HM ,2011,SP  ,MAT
HM  ,M,HMAT,    ,CSCI060  HM ,2012,SP  ,MAT
HM  ,F,HEGR,    ,CSCI060  HM ,2013,SP  ,EGR
HM  ,M,HCSM,    ,CSCI060  HM ,2010,SP  ,CSM
HM  ,F,HMAT,    ,CSCI060  HM ,2010,FA  ,MAT
HM  ,M,HCSI,    ,CSCI060  HM ,2010,FA  ,CSI
HM  ,M,HMAT,    ,CSCI060  HM ,2011,SP  ,MAT
HM  ,M,HEGR,    ,CSCI060  HM ,2012,FA  ,EGR
HM  ,F,HMAT,    ,CSCI060  HM ,2011,SP  ,MAT
HM  ,M,HEGR,    ,CSCI060  HM ,2013,SP  ,EGR
HM  ,M,HEGR,    ,CSCI060  HM ,2012,FA  ,EGR
HM  ,M,HEGR,    ,CSCI060  HM ,2012,SP  ,EGR
HM  ,M,HEGR,    ,CSCI060  HM ,2010,SP  ,EGR
HM  ,F,HEGR,    ,CSCI060  HM ,2013,SP  ,EGR
HM  ,M,HCSM,    ,CSCI060  HM ,2010,SP  ,CSM
HM  ,M,HCSI,    ,CSCI060  HM ,2011,SP  ,CSI
HM  ,M,HEGR,    ,CSCI060  HM ,2011,SP  ,EGR
HM  ,M,HPHY,    ,CSCI060  HM ,2011,SP  ,PHY
HM  ,M,HEGR,    ,CSCI060  HM ,2011,SP  ,EGR
HM  ,M,HPHY,    ,CSCI060  HM ,2010,FA  ,PHY
HM  ,M,HPHY,    ,CSCI060  HM ,2013,SP  ,PHY
HM  ,F,HEGR,    ,CSCI060  HM ,2012,FA  ,EGR
HM  ,M,HCSM,    ,CSCI060  HM ,2010,FA  ,CSM
HM  ,F,HCHE,    ,CSCI060  HM ,2013,SP  ,CHE
HM  ,F,HEGR,    ,CSCI060  HM ,2013,SP  ,EGR
HM  ,F,HCSM,    ,CSCI060  HM ,2010,SP  ,CSM
HM  ,F,HEGR,    ,CSCI060  HM ,2010,FA  ,EGR
HM  ,M,HCSM,    ,CSCI060  HM ,2010,SP  ,CSM
HM  ,M,HPHY,    ,CSCI060  HM ,2011,SP  ,PHY
HM  ,F,HCSI,MSPA,CSCI060  HM ,2010,FA  ,CSI
HM  ,M,HCSM,    ,CSCI060  HM ,2010,FA  ,CSM
HM  ,F,HCSI,    ,CSCI060  HM ,2010,SP  ,CSI
HM  ,M,HEGR,    ,CSCI060  HM ,2012,SP  ,EGR
HM  ,M,HCHE,    ,CSCI060  HM ,2012,SP  ,CHE
HM  ,M,HPHY,    ,CSCI060  HM ,2010,SP  ,PHY
HM  ,M,HCSI,    ,CSCI060  HM ,2010,FA  ,CSI
HM  ,M,HCSI,    ,CSCI060  HM ,2010,SP  ,CSI
HM  ,M,HEGR,    ,CSCI060  HM ,2012,FA  ,EGR
HM  ,M,HMAT,    ,CSCI060  HM ,2011,SP  ,MAT
HM  ,M,HEGR,    ,CSCI060  HM ,2011,SP  ,EGR
HM  ,M,HCSI,    ,CSCI060  HM ,2010,FA  ,CSI
HM  ,M,HPHY,    ,CSCI060  HM ,2012,SP  ,PHY
HM  ,M,HCSM,    ,CSCI060  HM ,2010,FA  ,CSM
HM  ,M,SMUS,    ,CSCI060  HM ,2012,FA  ,MUS
HM  ,F,HCSI,    ,CSCI060  HM ,2010,SP  ,CSI
HM  ,F,HCSI,PCHI,CSCI060  HM ,2010,SP  ,CSI
HM  ,M,HEGR,    ,CSCI060  HM ,2011,SP  ,EGR
HM  ,M,HEGR,    ,CSCI060  HM ,2011,SP  ,EGR
HM  ,M,HCSI,    ,CSCI060  HM ,2010,SP  ,CSI
HM  ,M,HEGR,    ,CSCI060  HM ,2013,SP  ,EGR
HM  ,M,HMCB,    ,CSCI060  HM ,2010,FA  ,MCB
HM  ,M,HEGR,    ,CSCI060  HM ,2013,SP  ,EGR
HM  ,F,HCSI,    ,CSCI060  HM ,2010,SP  ,CSI
HM  ,M,HEGR,    ,CSCI060  HM ,2012,SP  ,EGR
HM  ,F,HMAT,    ,CSCI060  HM ,2011,FA  ,MAT
HM  ,F,HCSM,    ,CSCI060  HM ,2010,SP  ,CSM
HM  ,M,HCSM,    ,CSCI060  HM ,2010,SP  ,CSM
HM  ,M,HUND,    ,CSCI060  HM ,2010,SP  ,UND
HM  ,M,HCSI,    ,CSCI060  HM ,2010,SP  ,CSI
HM  ,M,HPHY,    ,CSCI060  HM ,2011,SP  ,PHY
HM  ,M,HCSI,    ,CSCI060  HM ,2010,FA  ,CSI
HM  ,F,HPHY,    ,CSCI060  HM ,2010,FA  ,PHY
HM  ,M,HCHE,    ,CSCI060  HM ,2012,SP  ,CHE
HM  ,F,HBIO,    ,CSCI060  HM ,2011,FA  ,BIO
HM  ,M,HBIO,    ,CSCI060  HM ,2013,SP  ,BIO
HM  ,M,HMAT,    ,CSCI060  HM ,2010,FA  ,MAT
HM  ,M,HMAT,    ,CSCI060  HM ,2011,SP  ,MAT
HM  ,M,HCSM,    ,CSCI060  HM ,2010,SP  ,CSM
HM  ,M,HEGR,    ,CSCI060  HM ,2012,SP  ,EGR
HM  ,F,HMCB,    ,CSCI060  HM ,2012,SP  ,MCB
HM  ,F,HEGR,    ,CSCI060  HM ,2012,FA  ,EGR
HM  ,M,HCSI,    ,CSCI060  HM ,2010,FA  ,CSI
HM  ,M,HMAT,    ,CSCI060  HM ,2011,FA  ,MAT
HM  ,M,HEGR,    ,CSCI060  HM ,2012,SP  ,EGR
HM  ,M,HEGR,    ,CSCI060  HM ,2011,FA  ,EGR
HM  ,F,HEGR,    ,CSCI060  HM ,2013,SP  ,EGR
HM  ,M,HCSM,    ,CSCI060  HM ,2010,SP  ,CSM
HM  ,F,HMAT,    ,CSCI060  HM ,2012,SP  ,MAT
HM  ,M,HEGR,    ,CSCI060  HM ,2013,SP  ,EGR
HM  ,M,HCSI,    ,CSCI060  HM ,2010,SP  ,CSI
HM  ,F,HBIO,    ,CSCI060  HM ,2013,SP  ,BIO
HM  ,M,HMAT,    ,CSCI060  HM ,2011,SP  ,MAT
HM  ,M,HCSI,    ,CSCI060  HM ,2010,FA  ,CSI
HM  ,M,HEGR,HMAT,CSCI060  HM ,2013,SP  ,EGR
HM  ,F,HEGR,    ,CSCI060  HM ,2011,FA  ,EGR
HM  ,F,HMAT,    ,CSCI060  HM ,2011,FA  ,MAT
HM  ,M,HCSM,    ,CSCI060  HM ,2011,SP  ,CSM
HM  ,M,HCSI,    ,CSCI060  HM ,2012,FA  ,CSI
HM  ,M,HEGR,    ,CSCI060  HM ,2013,FA  ,EGR
HM  ,M,HEGR,    ,CSCI060  HM ,2011,FA  ,EGR
HM  ,M,HMCB,    ,CSCI060  HM ,2011,SP  ,MCB
HM  ,M,HCSI,    ,CSCI060  HM ,2011,SP  ,CSI
HM  ,M,HEGR,    ,CSCI060  HM ,2011,SP  ,EGR
HM  ,M,HCSI,    ,CSCI060  HM ,2011,FA  ,CSI
HM  ,M,HEGR,    ,CSCI060  HM ,2011,SP  ,EGR
HM  ,M,HCSI,    ,CSCI060  HM ,2011,SP  ,CSI
HM  ,F,HEGR,    ,CSCI060  HM ,2011,FA  ,EGR
HM  ,M,HCSI,    ,CSCI060  HM ,2011,FA  ,CSI
HM  ,M,HCSM,    ,CSCI060  HM ,2011,SP  ,CSM
HM  ,M,HCSI,    ,CSCI060  HM ,2011,SP  ,CSI
HM  ,M,HCSI,    ,CSCI060  HM ,2011,SP  ,CSI
HM  ,F,HCSM,    ,CSCI060  HM ,2011,SP  ,CSM
HM  ,F,HEGR,    ,CSCI060  HM ,2012,FA  ,EGR
HM  ,M,HCSI,    ,CSCI060  HM ,2011,SP  ,CSI
HM  ,F,HEGR,    ,CSCI060  HM ,2011,FA  ,EGR
HM  ,M,HMAT,    ,CSCI060  HM ,2011,SP  ,MAT
HM  ,M,HCSI,    ,CSCI060  HM ,2011,SP  ,CSI
HM  ,F,HMAT,    ,CSCI060  HM ,2013,FA  ,MAT
HM  ,M,HEGR,    ,CSCI060  HM ,2011,FA  ,EGR
HM  ,M,HCSI,    ,CSCI060  HM ,2011,SP  ,CSI
HM  ,F,HCSI,    ,CSCI060  HM ,2011,SP  ,CSI
HM  ,M,HCSI,    ,CSCI060  HM ,2013,FA  ,CSI
HM  ,F,HCSI,    ,CSCI060  HM ,2011,SP  ,CSI
HM  ,M,HCSI,    ,CSCI060  HM ,2011,SP  ,CSI
HM  ,M,HCSM,    ,CSCI060  HM ,2011,SP  ,CSM
HM  ,F,HPHY,    ,CSCI060  HM ,2011,SP  ,PHY
HM  ,F,HCSI,    ,CSCI060  HM ,2011,SP  ,CSI
HM  ,M,HCSI,    ,CSCI060  HM ,2011,SP  ,CSI
HM  ,F,HEGR,    ,CSCI060  HM ,2014,SP  ,EGR
HM  ,M,HPHY,    ,CSCI060  HM ,2011,SP  ,PHY
HM  ,F,HMCB,    ,CSCI060  HM ,2011,SP  ,MCB
HM  ,F,HMCB,    ,CSCI060  HM ,2011,SP  ,MCB
HM  ,F,HEGR,    ,CSCI060  HM ,2014,SP  ,EGR
HM  ,F,HCSI,    ,CSCI060  HM ,2011,SP  ,CSI
HM  ,F,HEGR,    ,CSCI060  HM ,2011,SP  ,EGR
HM  ,M,HCSI,    ,CSCI060  HM ,2011,SP  ,CSI
HM  ,F,HMCB,    ,CSCI060  HM ,2011,SP  ,MCB
HM  ,F,HCSI,    ,CSCI060  HM ,2011,FA  ,CSI
HM  ,M,HPHY,    ,CSCI060  HM ,2011,SP  ,PHY
HM  ,M,HCSM,    ,CSCI060  HM ,2011,SP  ,CSM
HM  ,F,HCSI,    ,CSCI060  HM ,2011,SP  ,CSI
HM  ,F,HPHY,    ,CSCI060  HM ,2011,SP  ,PHY
HM  ,F,HCSI,    ,CSCI060  HM ,2011,SP  ,CSI
HM  ,M,HEGR,    ,CSCI060  HM ,2011,FA  ,EGR
HM  ,M,HCSI,    ,CSCI060  HM ,2011,SP  ,CSI
HM  ,M,HPHY,    ,CSCI060  HM ,2011,FA  ,PHY
HM  ,M,HCSI,    ,CSCI060  HM ,2011,SP  ,CSI
HM  ,F,HCHE,    ,CSCI060  HM ,2011,SP  ,CHE
HM  ,F,HEGR,    ,CSCI060  HM ,2013,FA  ,EGR
HM  ,M,HCSI,    ,CSCI060  HM ,2011,SP  ,CSI
HM  ,F,HCSI,    ,CSCI060  HM ,2011,SP  ,CSI
HM  ,M,HCHB,    ,CSCI060  HM ,2011,FA  ,CHB
HM  ,F,HUND,    ,CSCI060  HM ,2011,SP  ,UND
HM  ,M,HCHE,    ,CSCI060  HM ,2014,SP  ,CHE
HM  ,F,HEGR,    ,CSCI060  HM ,2011,SP  ,EGR
HM  ,M,HEGR,    ,CSCI060  HM ,2011,SP  ,EGR
HM  ,F,HEGR,    ,CSCI060  HM ,2012,SP  ,EGR
HM  ,F,HEGR,    ,CSCI060  HM ,2011,FA  ,EGR
HM  ,F,HMAT,    ,CSCI060  HM ,2011,SP  ,MAT
HM  ,F,HCSM,    ,CSCI060  HM ,2011,SP  ,CSM
HM  ,F,HEGR,    ,CSCI060  HM ,2012,FA  ,EGR
HM  ,F,HEGR,    ,CSCI060  HM ,2013,SP  ,EGR
HM  ,M,HEGR,    ,CSCI060  HM ,2013,SP  ,EGR
HM  ,F,HPHY,    ,CSCI060  HM ,2013,SP  ,PHY
HM  ,M,HEGR,    ,CSCI060  HM ,2012,SP  ,EGR
HM  ,M,HCSI,    ,CSCI060  HM ,2011,FA  ,CSI
HM  ,M,HPHY,HMAT,CSCI060  HM ,2011,SP  ,PHY
HM  ,M,HCSI,    ,CSCI060  HM ,2013,FA  ,CSI
HM  ,M,HCSM,    ,CSCI060  HM ,2011,FA  ,CSM
HM  ,F,HMAT,    ,CSCI060  HM ,2012,FA  ,MAT
HM  ,F,HCSI,    ,CSCI060  HM ,2011,FA  ,CSI
HM  ,F,HPHY,    ,CSCI060  HM ,2013,SP  ,PHY
HM  ,F,HCHB,    ,CSCI060  HM ,2011,SP  ,CHB
HM  ,M,HMAT,    ,CSCI060  HM ,2011,FA  ,MAT
HM  ,M,HMCB,    ,CSCI060  HM ,2011,SP  ,MCB
HM  ,F,HCSI,    ,CSCI060  HM ,2011,SP  ,CSI
HM  ,F,HBIO,    ,CSCI060  HM ,2013,FA  ,BIO
HM  ,M,HPHY,    ,CSCI060  HM ,2011,FA  ,PHY
HM  ,M,HCSI,    ,CSCI060  HM ,2011,FA  ,CSI
HM  ,F,HMCB,    ,CSCI060  HM ,2011,SP  ,MCB
HM  ,M,HMAT,    ,CSCI060  HM ,2012,FA  ,MAT
HM  ,M,HEGR,    ,CSCI060  HM ,2011,SP  ,EGR
HM  ,M,HEGR,    ,CSCI060  HM ,2011,SP  ,EGR
HM  ,M,HEGR,    ,CSCI060  HM ,2013,SP  ,EGR
HM  ,F,HMCB,    ,CSCI060  HM ,2011,SP  ,MCB
HM  ,M,HEGR,HMAT,CSCI060  HM ,2011,SP  ,EGR
HM  ,F,HEGR,    ,CSCI060  HM ,2011,SP  ,EGR
HM  ,F,HEGR,    ,CSCI060  HM ,2012,FA  ,EGR
HM  ,F,HCSI,    ,CSCI060  HM ,2016,SP  ,CSI
HM  ,F,HMCB,    ,CSCI060  HM ,2011,FA  ,MCB
HM  ,M,HEGR,    ,CSCI060  HM ,2014,SP  ,EGR
HM  ,F,HPHY,    ,CSCI060  HM ,2012,FA  ,PHY
HM  ,F,HCHB,    ,CSCI060  HM ,2014,SP  ,CHB
HM  ,F,HPHY,    ,CSCI060  HM ,2011,SP  ,PHY
HM  ,F,HEGR,    ,CSCI060  HM ,2012,FA  ,EGR
HM  ,M,HEGR,    ,CSCI060  HM ,2011,SP  ,EGR
HM  ,M,HPHY,    ,CSCI060  HM ,2011,SP  ,PHY
HM  ,M,HCSI,    ,CSCI060  HM ,2011,SP  ,CSI
HM  ,F,HCHE,    ,CSCI060  HM ,2014,SP  ,CHE
HM  ,M,HEGR,    ,CSCI060  HM ,2012,FA  ,EGR
HM  ,M,HPHY,    ,CSCI060  HM ,2011,FA  ,PHY
HM  ,M,HPHY,    ,CSCI060  HM ,2011,SP  ,PHY
HM  ,F,HCSI,    ,CSCI060  HM ,2011,FA  ,CSI
HM  ,F,HMAT,    ,CSCI060  HM ,2012,SP  ,MAT
HM  ,M,HEGR,    ,CSCI060  HM ,2014,SP  ,EGR
HM  ,F,HIPS,    ,CSCI060  HM ,2011,SP  ,IPS
HM  ,F,HCSI,    ,CSCI060  HM ,2011,SP  ,CSI
HM  ,F,HCSI,MPSY,CSCI060  HM ,2011,SP  ,CSI
HM  ,F,HEGR,    ,CSCI060  HM ,2011,SP  ,EGR
HM  ,F,HEGR,    ,CSCI060  HM ,2013,SP  ,EGR
HM  ,F,HEGR,    ,CSCI060  HM ,2011,SP  ,EGR
HM  ,F,HEGR,    ,CSCI060  HM ,2011,SP  ,EGR
HM  ,F,HCSI,    ,CSCI060  HM ,2011,SP  ,CSI
HM  ,M,HCSI,    ,CSCI060  HM ,2011,SP  ,CSI
HM  ,F,HEGR,    ,CSCI060  HM ,2011,SP  ,EGR
HM  ,M,HMCB,    ,CSCI060  HM ,2011,SP  ,MCB
HM  ,M,HPHY,    ,CSCI060  HM ,2011,SP  ,PHY
HM  ,M,HEGR,    ,CSCI060  HM ,2011,FA  ,EGR
HM  ,M,HCSI,    ,CSCI060  HM ,2011,SP  ,CSI
HM  ,M,HMCB,    ,CSCI060  HM ,2011,SP  ,MCB
HM  ,F,HEGR,    ,CSCI060  HM ,2012,FA  ,EGR
HM  ,M,HEGR,HCSI,CSCI060  HM ,2012,FA  ,EGR
HM  ,M,HMAT,    ,CSCI060  HM ,2012,FA  ,MAT
HM  ,M,HCSI,    ,CSCI060  HM ,2012,SP  ,CSI
HM  ,F,HCSM,    ,CSCI060  HM ,2012,FA  ,CSM
HM  ,F,HEGR,    ,CSCI060  HM ,2012,FA  ,EGR
HM  ,M,HCSI,    ,CSCI060  HM ,2012,SP  ,CSI
HM  ,F,SART,    ,CSCI060  HM ,2012,SP  ,ART
HM  ,M,HCSI,    ,CSCI060  HM ,2012,SP  ,CSI
HM  ,F,HCSI,    ,CSCI060  HM ,2012,SP  ,CSI
HM  ,M,HCHB,    ,CSCI060  HM ,2012,SP  ,CHB
HM  ,M,HEGR,    ,CSCI060  HM ,2012,FA  ,EGR
HM  ,F,HEGR,    ,CSCI060  HM ,2012,FA  ,EGR
HM  ,M,HEGR,    ,CSCI060  HM ,2015,SP  ,EGR
HM  ,M,HEGR,    ,CSCI060  HM ,2016,SP  ,EGR
HM  ,M,HMAT,    ,CSCI060  HM ,2013,SP  ,MAT
HM  ,M,HCSI,    ,CSCI060  HM ,2012,SP  ,CSI
HM  ,M,HCSM,    ,CSCI060  HM ,2012,SP  ,CSM
HM  ,M,HCSI,    ,CSCI060  HM ,2012,FA  ,CSI
HM  ,F,HEGR,    ,CSCI060  HM ,2012,FA  ,EGR
HM  ,M,HCSM,    ,CSCI060  HM ,2012,SP  ,CSM
HM  ,M,HCSI,    ,CSCI060  HM ,2012,SP  ,CSI
HM  ,M,HCSM,    ,CSCI060  HM ,2012,SP  ,CSM
HM  ,F,HCSM,    ,CSCI060  HM ,2012,SP  ,CSM
HM  ,M,HCSI,    ,CSCI060  HM ,2012,SP  ,CSI
HM  ,M,HCSI,    ,CSCI060  HM ,2012,FA  ,CSI
HM  ,F,HCSI,    ,CSCI060  HM ,2012,FA  ,CSI
HM  ,M,HCSM,    ,CSCI060  HM ,2012,SP  ,CSM
HM  ,M,HCSI,    ,CSCI060  HM ,2012,SP  ,CSI
HM  ,F,HMCB,    ,CSCI060  HM ,2012,SP  ,MCB
HM  ,M,HCSM,    ,CSCI060  HM ,2013,SP  ,CSM
HM  ,M,HCSM,    ,CSCI060  HM ,2012,SP  ,CSM
HM  ,M,HPHY,    ,CSCI060  HM ,2012,SP  ,PHY
HM  ,F,HCSI,    ,CSCI060  HM ,2012,SP  ,CSI
HM  ,F,HEGR,    ,CSCI060  HM ,2012,FA  ,EGR
HM  ,M,HCSM,    ,CSCI060  HM ,2012,SP  ,CSM
HM  ,M,HEGR,    ,CSCI060  HM ,2015,SP  ,EGR
HM  ,M,HEGR,    ,CSCI060  HM ,2012,FA  ,EGR
HM  ,F,HIPS,    ,CSCI060  HM ,2012,SP  ,IPS
HM  ,F,HEGR,    ,CSCI060  HM ,2012,FA  ,EGR
HM  ,M,HCHE,    ,CSCI060  HM ,2013,SP  ,CHE
HM  ,M,HCSI,    ,CSCI060  HM ,2012,FA  ,CSI
HM  ,M,HPHY,    ,CSCI060  HM ,2012,SP  ,PHY
HM  ,M,HCSM,    ,CSCI060  HM ,2012,FA  ,CSM
HM  ,F,HCSI,    ,CSCI060  HM ,2012,SP  ,CSI
HM  ,F,HCSI,    ,CSCI060  HM ,2012,SP  ,CSI
HM  ,F,HEGR,    ,CSCI060  HM ,2013,SP  ,EGR
HM  ,M,HCSI,    ,CSCI060  HM ,2012,SP  ,CSI
HM  ,M,HEGR,HCSI,CSCI060  HM ,2012,FA  ,EGR
HM  ,M,HMAT,    ,CSCI060  HM ,2012,FA  ,MAT
HM  ,F,HCSI,ZMDS,CSCI060  HM ,2012,FA  ,CSI
HM  ,M,HPHY,    ,CSCI060  HM ,2012,SP  ,PHY
HM  ,M,HCSI,    ,CSCI060  HM ,2012,FA  ,CSI
HM  ,F,HCSI,    ,CSCI060  HM ,2012,SP  ,CSI
HM  ,M,HPHY,    ,CSCI060  HM ,2015,SP  ,PHY
HM  ,M,HEGR,    ,CSCI060  HM ,2014,SP  ,EGR
HM  ,M,HPHY,    ,CSCI060  HM ,2013,SP  ,PHY
HM  ,F,HEGR,    ,CSCI060  HM ,2015,SP  ,EGR
HM  ,F,HMCB,    ,CSCI060  HM ,2012,SP  ,MCB
HM  ,F,HPHY,    ,CSCI060  HM ,2013,SP  ,PHY
HM  ,M,HEGR,    ,CSCI060  HM ,2013,FA  ,EGR
HM  ,M,HEGR,    ,CSCI060  HM ,2012,FA  ,EGR
HM  ,F,HCSM,    ,CSCI060  HM ,2012,SP  ,CSM
HM  ,M,HCSM,    ,CSCI060  HM ,2012,SP  ,CSM
HM  ,F,HEGR,    ,CSCI060  HM ,2012,FA  ,EGR
HM  ,F,HEGR,    ,CSCI060  HM ,2012,FA  ,EGR
HM  ,M,HCSI,    ,CSCI060  HM ,2012,SP  ,CSI
HM  ,M,HCSI,    ,CSCI060  HM ,2012,FA  ,CSI
HM  ,F,HCSM,    ,CSCI060  HM ,2012,SP  ,CSM
HM  ,M,HCSM,    ,CSCI060  HM ,2012,SP  ,CSM
HM  ,M,HCSM,    ,CSCI060  HM ,2012,SP  ,CSM
HM  ,M,HCSI,    ,CSCI060  HM ,2012,SP  ,CSI
HM  ,M,HPHY,    ,CSCI060  HM ,2012,SP  ,PHY
HM  ,F,HCSI,    ,CSCI060  HM ,2012,FA  ,CSI
HM  ,F,HCSI,    ,CSCI060  HM ,2012,SP  ,CSI
HM  ,F,HCSI,    ,CSCI060  HM ,2012,SP  ,CSI
HM  ,F,HCHE,    ,CSCI060  HM ,2012,FA  ,CHE
HM  ,F,HCSI,    ,CSCI060  HM ,2012,SP  ,CSI
HM  ,M,HEGR,    ,CSCI060  HM ,2012,FA  ,EGR
HM  ,M,HCSM,    ,CSCI060  HM ,2012,SP  ,CSM
HM  ,F,HPHY,    ,CSCI060  HM ,2012,SP  ,PHY
HM  ,F,HCSI,    ,CSCI060  HM ,2012,FA  ,CSI
HM  ,F,HMCB,    ,CSCI060  HM ,2013,FA  ,MCB
HM  ,M,HCSI,    ,CSCI060  HM ,2012,SP  ,CSI
HM  ,F,HIPS,    ,CSCI060  HM ,2012,FA  ,IPS
HM  ,F,HCSI,    ,CSCI060  HM ,2012,SP  ,CSI
HM  ,F,HCHB,    ,CSCI060  HM ,2015,SP  ,CHB
HM  ,M,HPHY,    ,CSCI060  HM ,2012,SP  ,PHY
HM  ,M,HCSI,    ,CSCI060  HM ,2012,SP  ,CSI
HM  ,F,HCSI,    ,CSCI060  HM ,2012,FA  ,CSI
HM  ,M,HCSI,    ,CSCI060  HM ,2012,SP  ,CSI
HM  ,F,HCSI,    ,CSCI060  HM ,2012,SP  ,CSI
HM  ,F,HMCB,    ,CSCI060  HM ,2012,FA  ,MCB
HM  ,M,HEGR,    ,CSCI060  HM ,2012,FA  ,EGR
HM  ,M,HCHB,    ,CSCI060  HM ,2012,SP  ,CHB
HM  ,M,HCSI,    ,CSCI060  HM ,2012,SP  ,CSI
HM  ,M,HEGR,    ,CSCI060  HM ,2013,FA  ,EGR
HM  ,M,HCSI,    ,CSCI060  HM ,2012,SP  ,CSI
HM  ,M,HCSI,    ,CSCI060  HM ,2012,SP  ,CSI
HM  ,F,HCSI,    ,CSCI060  HM ,2012,SP  ,CSI
HM  ,M,HEGR,    ,CSCI060  HM ,2014,SP  ,EGR
HM  ,M,HEGR,    ,CSCI060  HM ,2012,FA  ,EGR
HM  ,M,HPHY,    ,CSCI060  HM ,2012,SP  ,PHY
HM  ,F,HCSM,    ,CSCI060  HM ,2012,SP  ,CSM
HM  ,M,HMAT,    ,CSCI060  HM ,2012,FA  ,MAT
HM  ,F,HCHE,    ,CSCI060  HM ,2012,SP  ,CHE
HM  ,F,HCHB,    ,CSCI060  HM ,2014,SP  ,CHB
HM  ,M,HMCB,    ,CSCI060  HM ,2012,SP  ,MCB
HM  ,F,HMAT,    ,CSCI060  HM ,2012,FA  ,MAT
HM  ,M,HEGR,    ,CSCI060  HM ,2012,FA  ,EGR
HM  ,F,HEGR,    ,CSCI060  HM ,2012,FA  ,EGR
HM  ,F,HIPS,    ,CSCI060  HM ,2013,FA  ,IPS
HM  ,M,HEGR,    ,CSCI060  HM ,2012,FA  ,EGR
HM  ,F,HCSI,    ,CSCI060  HM ,2012,FA  ,CSI
HM  ,F,HIPS,    ,CSCI060  HM ,2014,FA  ,IPS
HM  ,F,HPHY,    ,CSCI060  HM ,2012,FA  ,PHY
HM  ,M,HMCB,    ,CSCI060  HM ,2012,FA  ,MCB
HM  ,M,HMAT,    ,CSCI060  HM ,2013,SP  ,MAT
HM  ,F,HCSM,    ,CSCI060  HM ,2012,FA  ,CSM
HM  ,F,HCSI,    ,CSCI060  HM ,2012,SP  ,CSI
HM  ,F,HMCB,    ,CSCI060  HM ,2012,SP  ,MCB
HM  ,F,HEGR,    ,CSCI060  HM ,2013,FA  ,EGR
HM  ,M,HPHY,    ,CSCI060  HM ,2012,FA  ,PHY
HM  ,F,HCSI,    ,CSCI060  HM ,2012,SP  ,CSI
HM  ,F,HCSI,    ,CSCI060  HM ,2012,FA  ,CSI
HM  ,F,ZCHS,    ,CSCI060  HM ,2012,FA  ,CHS
HM  ,F,HEGR,    ,CSCI060  HM ,2012,FA  ,EGR
HM  ,M,HEGR,    ,CSCI060  HM ,2014,SP  ,EGR
HM  ,F,HCSI,    ,CSCI060  HM ,2012,SP  ,CSI
HM  ,M,HCSI,    ,CSCI060  HM ,2012,FA  ,CSI
HM  ,M,HEGR,    ,CSCI060  HM ,2012,SP  ,EGR
HM  ,M,HEGR,    ,CSCI060  HM ,2012,FA  ,EGR
HM  ,M,HCSI,    ,CSCI060  HM ,2012,FA  ,CSI
HM  ,M,HCSM,    ,CSCI060  HM ,2012,SP  ,CSM
HM  ,F,HEGR,    ,CSCI060  HM ,2015,SP  ,EGR
HM  ,F,HEGR,    ,CSCI060  HM ,2015,SP  ,EGR
HM  ,F,HEGR,    ,CSCI060  HM ,2012,SP  ,EGR
HM  ,F,HCHE,    ,CSCI060  HM ,2012,FA  ,CHE
HM  ,F,PINT,    ,CSCI060  HM ,2012,FA  ,INT
HM  ,M,HPHY,    ,CSCI060  HM ,2013,FA  ,PHY
HM  ,M,HEGR,    ,CSCI060  HM ,2014,SP  ,EGR
HM  ,M,HCSM,    ,CSCI060  HM ,2013,SP  ,CSM
HM  ,F,HCSI,    ,CSCI060  HM ,2013,SP  ,CSI
HM  ,M,HMAT,    ,CSCI060  HM ,2013,FA  ,MAT
HM  ,M,HCSM,    ,CSCI060  HM ,2013,SP  ,CSM
HM  ,M,HEGR,    ,CSCI060  HM ,2013,FA  ,EGR
HM  ,M,HCSI,    ,CSCI060  HM ,2013,SP  ,CSI
HM  ,M,HEGR,    ,CSCI060  HM ,2016,SP  ,EGR
HM  ,M,HCSI,    ,CSCI060  HM ,2013,SP  ,CSI
HM  ,F,HPHY,    ,CSCI060  HM ,2016,SP  ,PHY
HM  ,M,HCSM,    ,CSCI060  HM ,2013,SP  ,CSM
HM  ,F,HCSM,    ,CSCI060  HM ,2013,FA  ,CSM
HM  ,M,HCSM,    ,CSCI060  HM ,2013,SP  ,CSM
HM  ,M,HCSM,    ,CSCI060  HM ,2013,SP  ,CSM
HM  ,F,HCHE,    ,CSCI060  HM ,2013,SP  ,CHE
HM  ,F,HEGR,    ,CSCI060  HM ,2013,FA  ,EGR
HM  ,F,HCSI,    ,CSCI060  HM ,2013,FA  ,CSI
HM  ,F,HCSI,    ,CSCI060  HM ,2013,SP  ,CSI
HM  ,F,HCSI,    ,CSCI060  HM ,2013,FA  ,CSI
HM  ,M,HEGR,    ,CSCI060  HM ,2013,FA  ,EGR
HM  ,F,HEGR,    ,CSCI060  HM ,2015,SP  ,EGR
HM  ,F,HCSI,    ,CSCI060  HM ,2013,SP  ,CSI
HM  ,M,HEGR,    ,CSCI060  HM ,2014,FA  ,EGR
HM  ,M,HEGR,    ,CSCI060  HM ,2013,FA  ,EGR
HM  ,M,HPHY,    ,CSCI060  HM ,2014,FA  ,PHY
HM  ,F,HPHY,    ,CSCI060  HM ,2013,FA  ,PHY
HM  ,F,HCSI,    ,CSCI060  HM ,2013,FA  ,CSI
HM  ,M,HCSI,    ,CSCI060  HM ,2013,FA  ,CSI
HM  ,F,HCSM,    ,CSCI060  HM ,2013,FA  ,CSM
HM  ,F,HCHE,ZSOC,CSCI060  HM ,2013,SP  ,CHE
HM  ,F,HEGR,    ,CSCI060  HM ,2013,FA  ,EGR
HM  ,M,HCSI,    ,CSCI060  HM ,2013,SP  ,CSI
HM  ,M,HCHE,    ,CSCI060  HM ,2013,SP  ,CHE
HM  ,F,HEGR,    ,CSCI060  HM ,2015,SP  ,EGR
HM  ,F,HCSI,    ,CSCI060  HM ,2013,FA  ,CSI
HM  ,M,HCSM,    ,CSCI060  HM ,2013,FA  ,CSM
HM  ,F,HPHY,    ,CSCI060  HM ,2013,SP  ,PHY
HM  ,F,HCSI,    ,CSCI060  HM ,2013,SP  ,CSI
HM  ,M,HMCB,    ,CSCI060  HM ,2013,FA  ,MCB
HM  ,F,HCSI,    ,CSCI060  HM ,2013,SP  ,CSI
HM  ,F,HCSI,    ,CSCI060  HM ,2013,SP  ,CSI
HM  ,F,HPHY,    ,CSCI060  HM ,2013,FA  ,PHY
HM  ,F,HPHY,    ,CSCI060  HM ,2013,FA  ,PHY
HM  ,F,HPHY,    ,CSCI060  HM ,2013,FA  ,PHY
HM  ,F,HMCB,    ,CSCI060  HM ,2014,FA  ,MCB
HM  ,M,HCHB,    ,CSCI060  HM ,2013,FA  ,CHB
HM  ,F,HEGR,    ,CSCI060  HM ,2015,FA  ,EGR
HM  ,F,HCSI,    ,CSCI060  HM ,2014,SP  ,CSI
HM  ,F,HCSM,    ,CSCI060  HM ,2013,FA  ,CSM
HM  ,M,HMAT,HPHY,CSCI060  HM ,2013,FA  ,MAT
HM  ,F,HMCB,    ,CSCI060  HM ,2014,FA  ,MCB
HM  ,M,HMAT,    ,CSCI060  HM ,2013,FA  ,MAT
HM  ,M,HPHY,    ,CSCI060  HM ,2014,SP  ,PHY
HM  ,F,HCSI,    ,CSCI060  HM ,2013,SP  ,CSI
HM  ,M,HEGR,    ,CSCI060  HM ,2015,SP  ,EGR
HM  ,F,HCHB,    ,CSCI060  HM ,2013,SP  ,CHB
HM  ,M,HCSI,    ,CSCI060  HM ,2013,SP  ,CSI
HM  ,M,HEGR,    ,CSCI060  HM ,2013,FA  ,EGR
HM  ,M,HCSI,    ,CSCI060  HM ,2013,SP  ,CSI
HM  ,M,HCSI,    ,CSCI060  HM ,2013,SP  ,CSI
HM  ,F,HCSI,    ,CSCI060  HM ,2013,SP  ,CSI
HM  ,M,HEGR,    ,CSCI060  HM ,2014,SP  ,EGR
HM  ,F,HEGR,    ,CSCI060  HM ,2013,SP  ,EGR
HM  ,M,HIPS,    ,CSCI060  HM ,2014,FA  ,IPS
HM  ,F,HEGR,    ,CSCI060  HM ,2013,FA  ,EGR
HM  ,F,HCSM,    ,CSCI060  HM ,2013,SP  ,CSM
HM  ,M,HCSI,    ,CSCI060  HM ,2013,SP  ,CSI
HM  ,M,HEGR,HCSI,CSCI060  HM ,2013,FA  ,EGR
HM  ,F,HMCB,    ,CSCI060  HM ,2013,FA  ,MCB
HM  ,F,HCSM,    ,CSCI060  HM ,2013,SP  ,CSM
HM  ,M,HEGR,    ,CSCI060  HM ,2014,SP  ,EGR
HM  ,M,HIPS,    ,CSCI060  HM ,2014,SP  ,IPS
HM  ,F,HEGR,    ,CSCI060  HM ,2014,FA  ,EGR
HM  ,F,HMAT,    ,CSCI060  HM ,2013,SP  ,MAT
HM  ,M,HMAT,    ,CSCI060  HM ,2013,SP  ,MAT
HM  ,F,HEGR,    ,CSCI060  HM ,2013,SP  ,EGR
HM  ,M,HEGR,    ,CSCI060  HM ,2013,FA  ,EGR
HM  ,F,HCHE,    ,CSCI060  HM ,2013,FA  ,CHE
HM  ,M,HMAT,    ,CSCI060  HM ,2013,SP  ,MAT
HM  ,M,HMAT,    ,CSCI060  HM ,2013,SP  ,MAT
HM  ,F,HCHE,    ,CSCI060  HM ,2014,FA  ,CHE
HM  ,F,HEGR,    ,CSCI060  HM ,2014,SP  ,EGR
HM  ,M,HCSM,    ,CSCI060  HM ,2013,FA  ,CSM
HM  ,F,HPHY,    ,CSCI060  HM ,2013,SP  ,PHY
HM  ,M,HCSM,    ,CSCI060  HM ,2013,FA  ,CSM
HM  ,F,HMCB,    ,CSCI060  HM ,2013,SP  ,MCB
HM  ,M,HCSM,    ,CSCI060  HM ,2013,FA  ,CSM
HM  ,F,HEGR,    ,CSCI060  HM ,2013,SP  ,EGR
HM  ,F,HCHB,    ,CSCI060  HM ,2013,SP  ,CHB
HM  ,M,HCSM,    ,CSCI060  HM ,2013,FA  ,CSM
HM  ,F,HEGR,    ,CSCI060  HM ,2013,FA  ,EGR
HM  ,F,HEGR,    ,CSCI060  HM ,2013,FA  ,EGR
HM  ,M,HEGR,    ,CSCI060  HM ,2013,FA  ,EGR
HM  ,F,HEGR,    ,CSCI060  HM ,2013,FA  ,EGR
HM  ,M,HCSM,    ,CSCI060  HM ,2013,SP  ,CSM
HM  ,F,HEGR,    ,CSCI060  HM ,2015,FA  ,EGR
HM  ,F,HMAT,    ,CSCI060  HM ,2015,SP  ,MAT
HM  ,M,HEGR,    ,CSCI060  HM ,2013,SP  ,EGR
HM  ,M,HEGR,    ,CSCI060  HM ,2013,FA  ,EGR
HM  ,F,HCSI,    ,CSCI060  HM ,2013,SP  ,CSI
HM  ,M,HMAT,HPHY,CSCI060  HM ,2013,SP  ,MAT
HM  ,M,HEGR,    ,CSCI060  HM ,2014,SP  ,EGR
HM  ,M,HEGR,    ,CSCI060  HM ,2015,FA  ,EGR
HM  ,M,HCSI,    ,CSCI060  HM ,2013,SP  ,CSI
HM  ,M,HEGR,    ,CSCI060  HM ,2014,SP  ,EGR
HM  ,F,HCSM,    ,CSCI060  HM ,2013,FA  ,CSM
HM  ,F,HPHY,    ,CSCI060  HM ,2013,FA  ,PHY
HM  ,M,HPHY,HMAT,CSCI060  HM ,2013,FA  ,PHY
HM  ,F,HCSI,    ,CSCI060  HM ,2013,SP  ,CSI
HM  ,M,HEGR,    ,CSCI060  HM ,2013,SP  ,EGR
HM  ,M,HPHY,    ,CSCI060  HM ,2013,SP  ,PHY
HM  ,F,HCSI,    ,CSCI060  HM ,2013,SP  ,CSI
HM  ,F,HEGR,    ,CSCI060  HM ,2014,FA  ,EGR
HM  ,F,HPHY,    ,CSCI060  HM ,2013,FA  ,PHY
HM  ,M,HMAT,    ,CSCI060  HM ,2013,SP  ,MAT
HM  ,F,HEGR,    ,CSCI060  HM ,2013,FA  ,EGR
HM  ,F,HCSI,    ,CSCI060  HM ,2013,SP  ,CSI
HM  ,F,HMAT,    ,CSCI060  HM ,2013,FA  ,MAT
HM  ,M,HCSI,    ,CSCI060  HM ,2013,SP  ,CSI
HM  ,F,HCSI,    ,CSCI060  HM ,2013,SP  ,CSI
HM  ,F,HBIO,    ,CSCI060  HM ,2013,SP  ,BIO
HM  ,M,HMCB,    ,CSCI060  HM ,2013,SP  ,MCB
HM  ,M,HPHY,    ,CSCI060  HM ,2014,FA  ,PHY
HM  ,F,HPHY,    ,CSCI060  HM ,2013,FA  ,PHY
HM  ,M,HEGR,    ,CSCI060  HM ,2013,FA  ,EGR
HM  ,F,HEGR,    ,CSCI060  HM ,2013,FA  ,EGR
HM  ,M,HEGR,    ,CSCI060  HM ,2014,FA  ,EGR
HM  ,F,HPHY,    ,CSCI060  HM ,2013,FA  ,PHY
HM  ,F,HCSI,PDAN,CSCI060  HM ,2014,SP  ,CSI
HM  ,F,HPHY,    ,CSCI060  HM ,2013,FA  ,PHY
HM  ,M,HEGR,    ,CSCI060  HM ,2013,SP  ,EGR
HM  ,M,HMAT,    ,CSCI060  HM ,2013,SP  ,MAT
HM  ,F,HCSI,    ,CSCI060  HM ,2013,FA  ,CSI
HM  ,F,HMAT,    ,CSCI060  HM ,2013,FA  ,MAT
HM  ,M,HNON,    ,CSCI060  HM ,2013,SP  ,NON
HM  ,F,HEGR,    ,CSCI060  HM ,2014,FA  ,EGR
HM  ,M,HCSM,    ,CSCI060  HM ,2014,SP  ,CSM
HM  ,M,HEGR,    ,CSCI060  HM ,2014,SP  ,EGR
HM  ,M,HCSI,MECO,CSCI060  HM ,2014,SP  ,CSI
HM  ,F,HCSM,    ,CSCI060  HM ,2014,SP  ,CSM
HM  ,M,HCSI,    ,CSCI060  HM ,2014,FA  ,CSI
HM  ,M,HMAT,    ,CSCI060  HM ,2014,SP  ,MAT
HM  ,F,HEGR,    ,CSCI060  HM ,2014,FA  ,EGR
HM  ,F,HEGR,    ,CSCI060  HM ,2014,FA  ,EGR
HM  ,M,HPHY,    ,CSCI060  HM ,2014,SP  ,PHY
HM  ,M,HEGR,    ,CSCI060  HM ,2014,FA  ,EGR
HM  ,F,HMAT,    ,CSCI060  HM ,2014,FA  ,MAT
HM  ,M,HCSM,    ,CSCI060  HM ,2014,FA  ,CSM
HM  ,M,HCSM,    ,CSCI060  HM ,2014,SP  ,CSM
HM  ,F,HEGR,    ,CSCI060  HM ,2014,FA  ,EGR
HM  ,M,HEGR,    ,CSCI060  HM ,2014,SP  ,EGR
HM  ,F,HEGR,    ,CSCI060  HM ,2014,SP  ,EGR
HM  ,M,HMAT,    ,CSCI060  HM ,2014,SP  ,MAT
HM  ,F,HPHY,    ,CSCI060  HM ,2014,SP  ,PHY
HM  ,M,HCSM,    ,CSCI060  HM ,2014,SP  ,CSM
HM  ,F,HEGR,    ,CSCI060  HM ,2014,SP  ,EGR
HM  ,M,HEGR,    ,CSCI060  HM ,2014,FA  ,EGR
HM  ,M,HCSI,    ,CSCI060  HM ,2014,FA  ,CSI
HM  ,M,HEGR,    ,CSCI060  HM ,2014,FA  ,EGR
HM  ,F,HIPS,    ,CSCI060  HM ,2014,SP  ,IPS
HM  ,M,HCSM,    ,CSCI060  HM ,2014,SP  ,CSM
HM  ,F,HIPS,    ,CSCI060  HM ,2014,SP  ,IPS
HM  ,F,HCSI,    ,CSCI060  HM ,2014,SP  ,CSI
HM  ,F,HPHY,    ,CSCI060  HM ,2014,SP  ,PHY
HM  ,F,HPHY,    ,CSCI060  HM ,2014,FA  ,PHY
HM  ,F,HEGR,    ,CSCI060  HM ,2014,FA  ,EGR
HM  ,M,HPHY,    ,CSCI060  HM ,2014,SP  ,PHY
HM  ,F,HCSI,    ,CSCI060  HM ,2014,SP  ,CSI
HM  ,F,HEGR,    ,CSCI060  HM ,2014,SP  ,EGR
HM  ,M,HCSI,    ,CSCI060  HM ,2014,FA  ,CSI
HM  ,F,HCSI,PLCS,CSCI060  HM ,2014,SP  ,CSI
HM  ,F,HEGR,    ,CSCI060  HM ,2014,SP  ,EGR
HM  ,F,HCSI,    ,CSCI060  HM ,2014,SP  ,CSI
HM  ,F,HCHB,    ,CSCI060  HM ,2014,SP  ,CHB
HM  ,M,HCSI,    ,CSCI060  HM ,2014,SP  ,CSI
HM  ,F,HMCB,    ,CSCI060  HM ,2015,FA  ,MCB
HM  ,M,HCHE,    ,CSCI060  HM ,2015,SP  ,CHE
HM  ,M,HPHY,    ,CSCI060  HM ,2014,SP  ,PHY
HM  ,F,HMCB,    ,CSCI060  HM ,2014,FA  ,MCB
HM  ,F,HCHE,    ,CSCI060  HM ,2014,SP  ,CHE
HM  ,F,HPHY,    ,CSCI060  HM ,2014,SP  ,PHY
HM  ,F,HEGR,    ,CSCI060  HM ,2014,FA  ,EGR
HM  ,M,HCSM,    ,CSCI060  HM ,2014,SP  ,CSM
HM  ,M,HEGR,    ,CSCI060  HM ,2015,FA  ,EGR
HM  ,F,HEGR,    ,CSCI060  HM ,2014,FA  ,EGR
HM  ,M,HCSM,    ,CSCI060  HM ,2014,SP  ,CSM
HM  ,F,HPHY,    ,CSCI060  HM ,2014,SP  ,PHY
HM  ,F,HPHY,    ,CSCI060  HM ,2014,SP  ,PHY
HM  ,F,HEGR,    ,CSCI060  HM ,2014,SP  ,EGR
HM  ,M,HMCB,    ,CSCI060  HM ,2014,SP  ,MCB
HM  ,F,HPHY,    ,CSCI060  HM ,2014,SP  ,PHY
HM  ,F,HCSI,    ,CSCI060  HM ,2014,SP  ,CSI
HM  ,F,HEGR,    ,CSCI060  HM ,2014,SP  ,EGR
HM  ,F,HEGR,    ,CSCI060  HM ,2014,SP  ,EGR
HM  ,M,HCSM,    ,CSCI060  HM ,2014,SP  ,CSM
HM  ,M,HEGR,    ,CSCI060  HM ,2014,FA  ,EGR
HM  ,M,HIPS,    ,CSCI060  HM ,2014,SP  ,IPS
HM  ,M,HEGR,    ,CSCI060  HM ,2014,SP  ,EGR
HM  ,F,HEGR,    ,CSCI060  HM ,2016,FA  ,EGR
HM  ,F,HPHY,    ,CSCI060  HM ,2014,SP  ,PHY
HM  ,M,HEGR,    ,CSCI060  HM ,2014,FA  ,EGR
HM  ,M,HPHY,    ,CSCI060  HM ,2014,SP  ,PHY
HM  ,M,HEGR,    ,CSCI060  HM ,2015,FA  ,EGR
HM  ,F,HCSI,SART,CSCI060  HM ,2014,SP  ,CSI
HM  ,F,HEGR,    ,CSCI060  HM ,2014,FA  ,EGR
HM  ,F,HCHE,    ,CSCI060  HM ,2016,FA  ,CHE
HM  ,F,HCSM,    ,CSCI060  HM ,2014,SP  ,CSM
HM  ,M,HMAT,    ,CSCI060  HM ,2014,SP  ,MAT
HM  ,F,HUND,    ,CSCI060  HM ,2014,SP  ,UND
HM  ,M,HEGR,    ,CSCI060  HM ,2014,SP  ,EGR
HM  ,F,HCSI,    ,CSCI060  HM ,2014,SP  ,CSI
HM  ,M,HIPS,    ,CSCI060  HM ,2014,SP  ,IPS
HM  ,F,HEGR,    ,CSCI060  HM ,2014,SP  ,EGR
HM  ,M,HEGR,    ,CSCI060  HM ,2015,FA  ,EGR
HM  ,M,HCHE,    ,CSCI060  HM ,2015,SP  ,CHE
HM  ,M,HCSI,    ,CSCI060  HM ,2014,SP  ,CSI
HM  ,F,HCSI,    ,CSCI060  HM ,2014,FA  ,CSI
HM  ,F,HEGR,    ,CSCI060  HM ,2014,FA  ,EGR
HM  ,F,HCSM,    ,CSCI060  HM ,2014,SP  ,CSM
HM  ,M,HEGR,    ,CSCI060  HM ,2014,SP  ,EGR
HM  ,M,HEGR,    ,CSCI060  HM ,2014,SP  ,EGR
HM  ,M,HCSM,    ,CSCI060  HM ,2014,SP  ,CSM
HM  ,M,HEGR,    ,CSCI060  HM ,2015,SP  ,EGR
HM  ,M,HEGR,    ,CSCI060  HM ,2014,SP  ,EGR
HM  ,M,HPHY,    ,CSCI060  HM ,2014,SP  ,PHY
HM  ,F,HCSM,    ,CSCI060  HM ,2014,SP  ,CSM
HM  ,F,HMCB,    ,CSCI060  HM ,2014,SP  ,MCB
HM  ,M,HPHY,HMAT,CSCI060  HM ,2014,FA  ,PHY
HM  ,M,HEGR,    ,CSCI060  HM ,2014,SP  ,EGR
HM  ,F,HMAT,    ,CSCI060  HM ,2014,FA  ,MAT
HM  ,M,HPHY,    ,CSCI060  HM ,2014,SP  ,PHY
HM  ,M,HEGR,    ,CSCI060  HM ,2015,SP  ,EGR
HM  ,M,HEGR,    ,CSCI060  HM ,2014,SP  ,EGR
HM  ,F,HEGR,    ,CSCI060  HM ,2014,SP  ,EGR
HM  ,M,HPHY,    ,CSCI060  HM ,2014,FA  ,PHY
HM  ,F,HMAT,    ,CSCI060  HM ,2014,FA  ,MAT
HM  ,M,HMAT,    ,CSCI060  HM ,2014,FA  ,MAT
HM  ,F,HEGR,    ,CSCI060  HM ,2015,FA  ,EGR
HM  ,F,HEGR,    ,CSCI060  HM ,2014,FA  ,EGR
HM  ,M,HPHY,    ,CSCI060  HM ,2015,SP  ,PHY
HM  ,M,HEGR,    ,CSCI060  HM ,2014,FA  ,EGR
HM  ,M,HEGR,    ,CSCI060  HM ,2014,FA  ,EGR
HM  ,M,HEGR,    ,CSCI060  HM ,2015,SP  ,EGR
HM  ,F,HPHY,    ,CSCI060  HM ,2015,FA  ,PHY
HM  ,M,HEGR,    ,CSCI060  HM ,2014,FA  ,EGR
HM  ,M,HCSM,    ,CSCI060  HM ,2014,SP  ,CSM
HM  ,F,HEGR,    ,CSCI060  HM ,2014,FA  ,EGR
HM  ,M,HEGR,    ,CSCI060  HM ,2014,SP  ,EGR
HM  ,F,HEGR,    ,CSCI060  HM ,2014,FA  ,EGR
HM  ,M,HCSI,    ,CSCI060  HM ,2014,FA  ,CSI
HM  ,F,HCSM,    ,CSCI060  HM ,2014,SP  ,CSM
HM  ,M,HEGR,    ,CSCI060  HM ,2014,SP  ,EGR
HM  ,M,MECO,    ,CSCI060  HM ,2014,FA  ,ECO
HM  ,M,HEGR,    ,CSCI060  HM ,2014,SP  ,EGR
HM  ,M,HEGR,    ,CSCI060  HM ,2014,SP  ,EGR
HM  ,F,HCSM,    ,CSCI060  HM ,2014,SP  ,CSM
HM  ,M,HPHY,    ,CSCI060  HM ,2014,SP  ,PHY
HM  ,F,HEGR,    ,CSCI060  HM ,2014,SP  ,EGR
HM  ,M,HEGR,    ,CSCI060  HM ,2017,FA  ,EGR
HM  ,M,HEGR,    ,CSCI060  HM ,2014,SP  ,EGR
HM  ,M,HMAT,    ,CSCI060  HM ,2014,FA  ,MAT
HM  ,M,HEGR,    ,CSCI060  HM ,2014,SP  ,EGR
HM  ,M,HCSM,    ,CSCI060  HM ,2014,SP  ,CSM
HM  ,M,HPHY,HMAT,CSCI060  HM ,2015,SP  ,PHY
HM  ,M,HCSM,    ,CSCI060  HM ,2014,SP  ,CSM
HM  ,F,HPHY,    ,CSCI060  HM ,2014,SP  ,PHY
HM  ,M,HCSI,    ,CSCI060  HM ,2014,SP  ,CSI
HM  ,F,HCSM,    ,CSCI060  HM ,2014,FA  ,CSM
HM  ,M,HMAT,    ,CSCI060  HM ,2014,FA  ,MAT
HM  ,F,HEGR,    ,CSCI060  HM ,2014,SP  ,EGR
HM  ,M,HCSI,    ,CSCI060  HM ,2014,SP  ,CSI
HM  ,M,HMAT,    ,CSCI060  HM ,2014,SP  ,MAT
HM  ,M,HBIO,    ,CSCI060  HM ,2016,FA  ,BIO
HM  ,F,HPHY,    ,CSCI060  HM ,2014,FA  ,PHY
HM  ,F,HPHY,    ,CSCI060  HM ,2014,FA  ,PHY
HM  ,M,HCSI,    ,CSCI060  HM ,2014,SP  ,CSI
HM  ,M,HNON,    ,CSCI060  HM ,2014,SP  ,NON
HM  ,M,HNON,    ,CSCI060  HM ,2014,SP  ,NON
HM  ,M,HNON,    ,CSCI060  HM ,2014,SP  ,NON
HM  ,M,HCSM,    ,CSCI060  HM ,2015,SP  ,CSM
HM  ,F,HCSI,PFRE,CSCI060  HM ,2015,SP  ,CSI
HM  ,M,HMCB,    ,CSCI060  HM ,2015,FA  ,MCB
HM  ,M,HEGR,    ,CSCI060  HM ,2017,FA  ,EGR
HM  ,F,HMCB,    ,CSCI060  HM ,2015,FA  ,MCB
HM  ,F,HEGR,    ,CSCI060  HM ,2015,FA  ,EGR
HM  ,F,HPHY,    ,CSCI060  HM ,2015,FA  ,PHY
HM  ,M,HEGR,    ,CSCI060  HM ,2015,FA  ,EGR
HM  ,F,HCSM,    ,CSCI060  HM ,2015,SP  ,CSM
HM  ,F,HCHE,    ,CSCI060  HM ,2015,SP  ,CHE
HM  ,F,HEGR,    ,CSCI060  HM ,2015,FA  ,EGR
HM  ,F,HCHE,    ,CSCI060  HM ,2015,SP  ,CHE
HM  ,F,HEGR,    ,CSCI060  HM ,2016,FA  ,EGR
HM  ,M,HCSM,    ,CSCI060  HM ,2015,FA  ,CSM
HM  ,F,HMCB,    ,CSCI060  HM ,2015,SP  ,MCB
HM  ,M,HEGR,    ,CSCI060  HM ,2015,FA  ,EGR
HM  ,F,HCSI,    ,CSCI060  HM ,2015,SP  ,CSI
HM  ,M,HEGR,    ,CSCI060  HM ,2015,FA  ,EGR
HM  ,F,HPHY,    ,CSCI060  HM ,2015,SP  ,PHY
HM  ,F,HMCB,    ,CSCI060  HM ,2016,SP  ,MCB
HM  ,M,HEGR,    ,CSCI060  HM ,2015,FA  ,EGR
HM  ,M,HCSI,    ,CSCI060  HM ,2015,SP  ,CSI
HM  ,M,HCSI,    ,CSCI060  HM ,2015,FA  ,CSI
HM  ,M,HEGR,    ,CSCI060  HM ,2017,SP  ,EGR
HM  ,M,HCHE,    ,CSCI060  HM ,2015,SP  ,CHE
HM  ,M,HEGR,    ,CSCI060  HM ,2016,FA  ,EGR
HM  ,M,HEGR,    ,CSCI060  HM ,2017,SP  ,EGR
HM  ,M,HIPS,    ,CSCI060  HM ,2015,SP  ,IPS
HM  ,F,HCSI,    ,CSCI060  HM ,2015,SP  ,CSI
HM  ,F,HCSM,    ,CSCI060  HM ,2015,SP  ,CSM
HM  ,F,HCSI,MRLS,CSCI060  HM ,2015,SP  ,CSI
HM  ,F,HEGR,    ,CSCI060  HM ,2017,FA  ,EGR
HM  ,M,HCSI,    ,CSCI060  HM ,2015,SP  ,CSI
HM  ,M,HCSI,    ,CSCI060  HM ,2015,SP  ,CSI
HM  ,F,HEGR,    ,CSCI060  HM ,2015,FA  ,EGR
HM  ,F,HCSM,    ,CSCI060  HM ,2015,SP  ,CSM
HM  ,M,HPHY,    ,CSCI060  HM ,2015,SP  ,PHY
HM  ,M,HEGR,    ,CSCI060  HM ,2015,SP  ,EGR
HM  ,F,HCHB,SLEG,CSCI060  HM ,2015,FA  ,CHB
HM  ,M,HCSI,    ,CSCI060  HM ,2015,SP  ,CSI
HM  ,F,HEGR,    ,CSCI060  HM ,2017,SP  ,EGR
HM  ,M,HMAT,    ,CSCI060  HM ,2015,FA  ,MAT
HM  ,M,HMAT,    ,CSCI060  HM ,2015,SP  ,MAT
HM  ,F,HCSI,    ,CSCI060  HM ,2015,FA  ,CSI
HM  ,F,HMCB,    ,CSCI060  HM ,2015,SP  ,MCB
HM  ,M,HCSI,PECO,CSCI060  HM ,2015,SP  ,CSI
HM  ,F,HCSI,    ,CSCI060  HM ,2015,FA  ,CSI
HM  ,M,HPHY,    ,CSCI060  HM ,2017,SP  ,PHY
HM  ,M,HCSM,    ,CSCI060  HM ,2015,SP  ,CSM
HM  ,F,HCSM,    ,CSCI060  HM ,2015,FA  ,CSM
HM  ,M,HPHY,    ,CSCI060  HM ,2015,FA  ,PHY
HM  ,M,HPHY,    ,CSCI060  HM ,2015,FA  ,PHY
HM  ,F,HCSM,    ,CSCI060  HM ,2015,SP  ,CSM
HM  ,M,HPHY,    ,CSCI060  HM ,2015,FA  ,PHY
HM  ,F,HCSI,    ,CSCI060  HM ,2015,FA  ,CSI
HM  ,F,HPHY,HCHE,CSCI060  HM ,2015,SP  ,PHY
HM  ,M,HIPS,    ,CSCI060  HM ,2015,SP  ,IPS
HM  ,F,HCSI,    ,CSCI060  HM ,2015,SP  ,CSI
HM  ,M,HEGR,    ,CSCI060  HM ,2016,FA  ,EGR
HM  ,F,HCSI,    ,CSCI060  HM ,2015,SP  ,CSI
HM  ,F,HCSI,    ,CSCI060  HM ,2015,SP  ,CSI
HM  ,M,HCSI,    ,CSCI060  HM ,2015,SP  ,CSI
HM  ,M,HEGR,    ,CSCI060  HM ,2015,FA  ,EGR
HM  ,M,HMPH,    ,CSCI060  HM ,2015,FA  ,MPH
HM  ,M,HUND,    ,CSCI060  HM ,2015,SP  ,UND
HM  ,M,HUND,    ,CSCI060  HM ,2017,SP  ,UND
HM  ,F,HMCB,    ,CSCI060  HM ,2015,SP  ,MCB
HM  ,F,HCSI,    ,CSCI060  HM ,2015,FA  ,CSI
HM  ,M,HCSM,    ,CSCI060  HM ,2016,SP  ,CSM
HM  ,F,HMAT,    ,CSCI060  HM ,2015,SP  ,MAT
HM  ,F,HEGR,    ,CSCI060  HM ,2015,SP  ,EGR
HM  ,M,HCSM,    ,CSCI060  HM ,2015,SP  ,CSM
HM  ,M,HUND,    ,CSCI060  HM ,2017,SP  ,UND
HM  ,M,HMAT,    ,CSCI060  HM ,2015,FA  ,MAT
HM  ,M,HCHE,    ,CSCI060  HM ,2017,FA  ,CHE
HM  ,F,HCSM,    ,CSCI060  HM ,2015,SP  ,CSM
HM  ,M,HEGR,    ,CSCI060  HM ,2017,FA  ,EGR
HM  ,M,HCSI,    ,CSCI060  HM ,2015,FA  ,CSI
HM  ,F,HEGR,    ,CSCI060  HM ,2017,FA  ,EGR
HM  ,M,HEGR,    ,CSCI060  HM ,2015,FA  ,EGR
HM  ,M,HEGR,    ,CSCI060  HM ,2015,SP  ,EGR
HM  ,F,HPHY,    ,CSCI060  HM ,2015,SP  ,PHY
HM  ,F,HEGR,    ,CSCI060  HM ,2016,FA  ,EGR
HM  ,M,HEGR,    ,CSCI060  HM ,2015,SP  ,EGR
HM  ,F,HEGR,    ,CSCI060  HM ,2015,FA  ,EGR
HM  ,F,HEGR,    ,CSCI060  HM ,2015,FA  ,EGR
HM  ,M,HEGR,    ,CSCI060  HM ,2017,FA  ,EGR
HM  ,F,HCSI,SART,CSCI060  HM ,2015,FA  ,CSI
HM  ,F,HEGR,    ,CSCI060  HM ,2015,FA  ,EGR
HM  ,F,HPHY,    ,CSCI060  HM ,2015,FA  ,PHY
HM  ,F,HPHY,    ,CSCI060  HM ,2015,FA  ,PHY
HM  ,M,HEGR,    ,CSCI060  HM ,2015,SP  ,EGR
HM  ,F,HEGR,    ,CSCI060  HM ,2016,FA  ,EGR
HM  ,M,HEGR,    ,CSCI060  HM ,2015,FA  ,EGR
HM  ,M,HCSM,    ,CSCI060  HM ,2015,SP  ,CSM
HM  ,F,HCSI,    ,CSCI060  HM ,2015,SP  ,CSI
HM  ,M,HCSI,    ,CSCI060  HM ,2016,SP  ,CSI
HM  ,M,HEGR,    ,CSCI060  HM ,2015,SP  ,EGR
HM  ,M,HEGR,    ,CSCI060  HM ,2016,SP  ,EGR
HM  ,M,HMAT,HCSI,CSCI060  HM ,2015,SP  ,MAT
HM  ,M,HCHE,HPHY,CSCI060  HM ,2017,SP  ,CHE
HM  ,M,HPHY,    ,CSCI060  HM ,2015,SP  ,PHY
HM  ,M,HMCB,    ,CSCI060  HM ,2015,FA  ,MCB
HM  ,F,HIPS,    ,CSCI060  HM ,2015,FA  ,IPS
HM  ,F,HMCB,PFRE,CSCI060  HM ,2015,SP  ,MCB
HM  ,F,HEGR,    ,CSCI060  HM ,2015,FA  ,EGR
HM  ,M,HEGR,    ,CSCI060  HM ,2015,SP  ,EGR
HM  ,M,HCSI,    ,CSCI060  HM ,2015,FA  ,CSI
HM  ,F,HIPS,    ,CSCI060  HM ,2015,SP  ,IPS
HM  ,M,HEGR,    ,CSCI060  HM ,2015,SP  ,EGR
HM  ,M,HEGR,    ,CSCI060  HM ,2015,SP  ,EGR
HM  ,F,HEGR,    ,CSCI060  HM ,2015,FA  ,EGR
HM  ,F,HCSI,    ,CSCI060  HM ,2015,SP  ,CSI
HM  ,M,HMAT,HCSI,CSCI060  HM ,2015,FA  ,MAT
HM  ,M,HCSI,    ,CSCI060  HM ,2015,SP  ,CSI
HM  ,M,HCSM,    ,CSCI060  HM ,2015,SP  ,CSM
HM  ,F,HEGR,    ,CSCI060  HM ,2015,SP  ,EGR
HM  ,M,HCSI,    ,CSCI060  HM ,2015,SP  ,CSI
HM  ,M,HEGR,    ,CSCI060  HM ,2015,FA  ,EGR
HM  ,F,HPHY,    ,CSCI060  HM ,2015,SP  ,PHY
HM  ,M,HEGR,    ,CSCI060  HM ,2015,FA  ,EGR
HM  ,M,HEGR,    ,CSCI060  HM ,2016,SP  ,EGR
HM  ,F,HEGR,    ,CSCI060  HM ,2015,FA  ,EGR
HM  ,F,HEGR,    ,CSCI060  HM ,2015,SP  ,EGR
HM  ,F,HCSI,    ,CSCI060  HM ,2015,SP  ,CSI
HM  ,M,HPHY,    ,CSCI060  HM ,2015,SP  ,PHY
HM  ,M,HEGR,    ,CSCI060  HM ,2015,FA  ,EGR
HM  ,F,HCSI,    ,CSCI060  HM ,2016,FA  ,CSI
HM  ,M,HIPS,    ,CSCI060  HM ,2016,SP  ,IPS
HM  ,M,HPHY,    ,CSCI060  HM ,2016,SP  ,PHY
HM  ,M,HCSM,    ,CSCI060  HM ,2016,SP  ,CSM
HM  ,M,HCSI,    ,CSCI060  HM ,2016,SP  ,CSI
HM  ,M,HEGR,    ,CSCI060  HM ,2016,SP  ,EGR
HM  ,M,HEGR,    ,CSCI060  HM ,2016,FA  ,EGR
HM  ,F,HEGR,    ,CSCI060  HM ,2016,FA  ,EGR
HM  ,F,HCSI,    ,CSCI060  HM ,2016,SP  ,CSI
HM  ,F,HEGR,    ,CSCI060  HM ,2016,FA  ,EGR
HM  ,F,HMAT,    ,CSCI060  HM ,2016,FA  ,MAT
HM  ,M,HEGR,    ,CSCI060  HM ,2017,SP  ,EGR
HM  ,M,HCSM,    ,CSCI060  HM ,2016,SP  ,CSM
HM  ,M,HCSI,    ,CSCI060  HM ,2016,FA  ,CSI
HM  ,F,HCSI,    ,CSCI060  HM ,2016,SP  ,CSI
HM  ,F,HMCB,    ,CSCI060  HM ,2016,FA  ,MCB
HM  ,M,HPHY,    ,CSCI060  HM ,2016,SP  ,PHY
HM  ,M,HEGR,    ,CSCI060  HM ,2016,SP  ,EGR
HM  ,M,HEGR,    ,CSCI060  HM ,2016,FA  ,EGR
HM  ,F,HCSM,    ,CSCI060  HM ,2016,SP  ,CSM
HM  ,M,HUND,    ,CSCI060  HM ,2017,SP  ,UND
HM  ,F,HCSM,    ,CSCI060  HM ,2016,SP  ,CSM
HM  ,F,HCSI,    ,CSCI060  HM ,2016,SP  ,CSI
HM  ,F,HCSI,    ,CSCI060  HM ,2016,FA  ,CSI
HM  ,M,HEGR,    ,CSCI060  HM ,2016,FA  ,EGR
HM  ,M,HCSM,    ,CSCI060  HM ,2016,FA  ,CSM
HM  ,M,HCSI,    ,CSCI060  HM ,2016,SP  ,CSI
HM  ,F,HCSI,    ,CSCI060  HM ,2016,SP  ,CSI
HM  ,F,HPHY,    ,CSCI060  HM ,2016,SP  ,PHY
HM  ,F,HMCB,    ,CSCI060  HM ,2016,FA  ,MCB
HM  ,M,HCSI,    ,CSCI060  HM ,2016,FA  ,CSI
HM  ,F,HCSI,    ,CSCI060  HM ,2016,SP  ,CSI
HM  ,M,HCSI,    ,CSCI060  HM ,2016,SP  ,CSI
HM  ,F,HMAT,    ,CSCI060  HM ,2016,SP  ,MAT
HM  ,F,HCSM,    ,CSCI060  HM ,2016,SP  ,CSM
HM  ,F,HPHY,    ,CSCI060  HM ,2017,FA  ,PHY
HM  ,F,HBIO,    ,CSCI060  HM ,2016,FA  ,BIO
HM  ,M,HEGR,    ,CSCI060  HM ,2016,SP  ,EGR
HM  ,F,HEGR,    ,CSCI060  HM ,2016,FA  ,EGR
HM  ,M,HEGR,    ,CSCI060  HM ,2017,SP  ,EGR
HM  ,F,HCSI,    ,CSCI060  HM ,2016,SP  ,CSI
HM  ,F,HEGR,    ,CSCI060  HM ,2016,SP  ,EGR
HM  ,F,HCSM,    ,CSCI060  HM ,2016,SP  ,CSM
HM  ,F,HCSI,    ,CSCI060  HM ,2016,SP  ,CSI
HM  ,M,HCSM,    ,CSCI060  HM ,2016,FA  ,CSM
HM  ,F,HCSI,    ,CSCI060  HM ,2016,SP  ,CSI
HM  ,F,HCSM,    ,CSCI060  HM ,2016,SP  ,CSM
HM  ,F,HCSM,    ,CSCI060  HM ,2016,SP  ,CSM
HM  ,M,HEGR,    ,CSCI060  HM ,2016,FA  ,EGR
HM  ,F,HCSI,    ,CSCI060  HM ,2016,FA  ,CSI
HM  ,M,HEGR,    ,CSCI060  HM ,2016,FA  ,EGR
HM  ,M,HEGR,    ,CSCI060  HM ,2016,FA  ,EGR
HM  ,M,HCHE,    ,CSCI060  HM ,2016,SP  ,CHE
HM  ,M,HEGR,    ,CSCI060  HM ,2016,FA  ,EGR
HM  ,F,HCHE,    ,CSCI060  HM ,2016,FA  ,CHE
HM  ,M,HPHY,HMAT,CSCI060  HM ,2016,FA  ,PHY
HM  ,F,HCSI,    ,CSCI060  HM ,2016,FA  ,CSI
HM  ,M,HCSI,    ,CSCI060  HM ,2016,SP  ,CSI
HM  ,F,HMCB,    ,CSCI060  HM ,2016,FA  ,MCB
HM  ,M,HEGR,    ,CSCI060  HM ,2016,FA  ,EGR
HM  ,M,HCSI,    ,CSCI060  HM ,2016,SP  ,CSI
HM  ,F,HCSI,    ,CSCI060  HM ,2016,FA  ,CSI
HM  ,F,HEGR,    ,CSCI060  HM ,2017,SP  ,EGR
HM  ,F,HCSI,    ,CSCI060  HM ,2016,FA  ,CSI
HM  ,M,HEGR,    ,CSCI060  HM ,2016,FA  ,EGR
HM  ,M,HCSI,    ,CSCI060  HM ,2016,SP  ,CSI
HM  ,F,HCSM,    ,CSCI060  HM ,2016,SP  ,CSM
HM  ,M,HEGR,    ,CSCI060  HM ,2017,SP  ,EGR
HM  ,M,HEGR,    ,CSCI060  HM ,2016,SP  ,EGR
HM  ,M,HCSM,    ,CSCI060  HM ,2016,FA  ,CSM
HM  ,F,HEGR,    ,CSCI060  HM ,2016,FA  ,EGR
HM  ,M,HCSM,    ,CSCI060  HM ,2016,SP  ,CSM
HM  ,F,HEGR,    ,CSCI060  HM ,2016,FA  ,EGR
HM  ,M,HCHB,    ,CSCI060  HM ,2016,SP  ,CHB
HM  ,M,HPHY,    ,CSCI060  HM ,2016,FA  ,PHY
HM  ,M,HUND,    ,CSCI060  HM ,2016,FA  ,UND
HM  ,F,HCSI,    ,CSCI060  HM ,2016,SP  ,CSI
HM  ,M,HCSI,    ,CSCI060  HM ,2016,SP  ,CSI
HM  ,F,HUND,    ,CSCI060  HM ,2017,SP  ,UND
HM  ,F,HEGR,    ,CSCI060  HM ,2016,FA  ,EGR
HM  ,F,HCSI,    ,CSCI060  HM ,2016,SP  ,CSI
HM  ,F,HCSI,    ,CSCI060  HM ,2016,SP  ,CSI
HM  ,F,HCSM,    ,CSCI060  HM ,2016,SP  ,CSM
HM  ,F,HCSI,    ,CSCI060  HM ,2016,FA  ,CSI
HM  ,M,HEGR,    ,CSCI060  HM ,2017,FA  ,EGR
HM  ,M,HEGR,    ,CSCI060  HM ,2016,FA  ,EGR
HM  ,F,HMCB,    ,CSCI060  HM ,2016,FA  ,MCB
HM  ,M,HCSI,    ,CSCI060  HM ,2016,FA  ,CSI
HM  ,M,HCSI,    ,CSCI060  HM ,2016,SP  ,CSI
HM  ,F,HEGR,    ,CSCI060  HM ,2016,SP  ,EGR
HM  ,M,HPHY,    ,CSCI060  HM ,2016,FA  ,PHY
HM  ,F,HCSM,    ,CSCI060  HM ,2016,SP  ,CSM
HM  ,F,HCHE,    ,CSCI060  HM ,2017,SP  ,CHE
HM  ,M,HEGR,    ,CSCI060  HM ,2016,FA  ,EGR
HM  ,F,HCSM,    ,CSCI060  HM ,2016,SP  ,CSM
HM  ,F,HEGR,    ,CSCI060  HM ,2016,FA  ,EGR
HM  ,F,HEGR,    ,CSCI060  HM ,2016,SP  ,EGR
HM  ,M,HUND,    ,CSCI060  HM ,2017,FA  ,UND
HM  ,F,HEGR,    ,CSCI060  HM ,2016,FA  ,EGR
HM  ,F,HMCB,    ,CSCI060  HM ,2017,SP  ,MCB
HM  ,F,HEGR,    ,CSCI060  HM ,2017,FA  ,EGR
HM  ,F,HCSI,    ,CSCI060  HM ,2016,SP  ,CSI
HM  ,M,HEGR,    ,CSCI060  HM ,2017,SP  ,EGR
HM  ,M,HMAT,    ,CSCI060  HM ,2016,SP  ,MAT
HM  ,F,HMCB,    ,CSCI060  HM ,2016,FA  ,MCB
HM  ,F,HCSM,    ,CSCI060  HM ,2016,FA  ,CSM
HM  ,M,HUND,    ,CSCI060  HM ,2016,FA  ,UND
HM  ,M,HCSI,    ,CSCI060  HM ,2016,SP  ,CSI
HM  ,F,HMCB,    ,CSCI060  HM ,2016,FA  ,MCB
HM  ,M,HUND,    ,CSCI060  HM ,2016,SP  ,UND
HM  ,F,PNEU,    ,CSCI060  HM ,2016,FA  ,NEU
HM  ,F,HCSM,    ,CSCI060  HM ,2016,SP  ,CSM
HM  ,M,HEGR,    ,CSCI060  HM ,2016,SP  ,EGR
HM  ,M,HCSM,    ,CSCI060  HM ,2016,SP  ,CSM
HM  ,F,HCSI,    ,CSCI060  HM ,2017,FA  ,CSI
HM  ,F,HEGR,MPSY,CSCI060  HM ,2016,SP  ,EGR
HM  ,M,HCSM,    ,CSCI060  HM ,2016,SP  ,CSM
HM  ,M,HEGR,    ,CSCI060  HM ,2017,SP  ,EGR
HM  ,M,HCSM,    ,CSCI060  HM ,2016,SP  ,CSM
HM  ,M,HUND,    ,CSCI060  HM ,2016,SP  ,UND
HM  ,M,HCSM,    ,CSCI060  HM ,2016,SP  ,CSM
HM  ,F,HCSI,    ,CSCI060  HM ,2016,SP  ,CSI
HM  ,F,HUND,    ,CSCI060  HM ,2017,FA  ,UND
HM  ,F,HEGR,    ,CSCI060  HM ,2016,SP  ,EGR
HM  ,M,HEGR,    ,CSCI060  HM ,2016,FA  ,EGR
HM  ,M,HCSI,    ,CSCI060  HM ,2016,FA  ,CSI
HM  ,M,HCSM,    ,CSCI060  HM ,2016,SP  ,CSM
HM  ,F,HCHE,    ,CSCI060  HM ,2017,SP  ,CHE
HM  ,F,HEGR,    ,CSCI060  HM ,2016,FA  ,EGR
HM  ,M,HCSI,    ,CSCI060  HM ,2016,SP  ,CSI
HM  ,F,HEGR,    ,CSCI060  HM ,2016,FA  ,EGR
HM  ,M,HPHY,HMAT,CSCI060  HM ,2016,FA  ,PHY
HM  ,M,HEGR,    ,CSCI060  HM ,2016,SP  ,EGR
HM  ,M,HMAT,    ,CSCI060  HM ,2015,FA  ,MAT
HM  ,M,HNON,    ,CSCI060  HM ,2016,SP  ,NON
HM  ,M,HNON,    ,CSCI060  HM ,2016,SP  ,NON
HM  ,F,HCSM,    ,CSCI060  HM ,2017,FA  ,CSM
HM  ,F,HUND,    ,CSCI060  HM ,2017,SP  ,UND
HM  ,F,HUND,    ,CSCI060  HM ,2017,FA  ,UND
HM  ,M,HUND,    ,CSCI060  HM ,2017,FA  ,UND
HM  ,M,HUND,    ,CSCI060  HM ,2017,SP  ,UND
HM  ,M,HUND,    ,CSCI060  HM ,2017,FA  ,UND
HM  ,F,HUND,    ,CSCI060  HM ,2017,SP  ,UND
HM  ,M,HUND,    ,CSCI060  HM ,2017,FA  ,UND
HM  ,F,HUND,    ,CSCI060  HM ,2017,FA  ,UND
HM  ,F,HUND,    ,CSCI060  HM ,2017,FA  ,UND
HM  ,F,HUND,    ,CSCI060  HM ,2017,FA  ,UND
HM  ,M,HUND,    ,CSCI060  HM ,2017,FA  ,UND
HM  ,F,HUND,    ,CSCI060  HM ,2017,FA  ,UND
HM  ,F,HUND,    ,CSCI060  HM ,2017,SP  ,UND
HM  ,M,HUND,    ,CSCI060  HM ,2017,SP  ,UND
HM  ,M,HMPH,    ,CSCI060  HM ,2017,FA  ,MPH
HM  ,F,HUND,    ,CSCI060  HM ,2017,FA  ,UND
HM  ,M,HUND,    ,CSCI060  HM ,2017,SP  ,UND
HM  ,F,HUND,    ,CSCI060  HM ,2017,FA  ,UND
HM  ,F,HUND,    ,CSCI060  HM ,2017,SP  ,UND
HM  ,F,HUND,    ,CSCI060  HM ,2017,SP  ,UND
HM  ,F,HUND,    ,CSCI060  HM ,2017,SP  ,UND
HM  ,M,HUND,    ,CSCI060  HM ,2017,SP  ,UND
HM  ,M,HUND,    ,CSCI060  HM ,2017,SP  ,UND
HM  ,M,HUND,    ,CSCI060  HM ,2017,SP  ,UND
HM  ,M,HEGR,    ,CSCI060  HM ,2017,FA  ,EGR
HM  ,M,HUND,    ,CSCI060  HM ,2017,FA  ,UND
HM  ,M,HCSM,    ,CSCI060  HM ,2017,SP  ,CSM
HM  ,M,HUND,    ,CSCI060  HM ,2017,SP  ,UND
HM  ,M,HUND,    ,CSCI060  HM ,2017,SP  ,UND
HM  ,F,HUND,    ,CSCI060  HM ,2017,FA  ,UND
HM  ,M,HUND,    ,CSCI060  HM ,2017,SP  ,UND
HM  ,F,HUND,    ,CSCI060  HM ,2017,SP  ,UND
HM  ,M,HUND,    ,CSCI060  HM ,2017,SP  ,UND
HM  ,F,HUND,    ,CSCI060  HM ,2017,SP  ,UND
HM  ,M,HUND,    ,CSCI060  HM ,2017,SP  ,UND
HM  ,M,HUND,    ,CSCI060  HM ,2017,FA  ,UND
HM  ,M,HUND,    ,CSCI060  HM ,2017,FA  ,UND
HM  ,F,HUND,    ,CSCI060  HM ,2017,FA  ,UND
HM  ,F,HUND,    ,CSCI060  HM ,2017,FA  ,UND
HM  ,M,HUND,    ,CSCI060  HM ,2017,FA  ,UND
HM  ,M,HUND,    ,CSCI060  HM ,2017,SP  ,UND
HM  ,M,HCSI,    ,CSCI060  HM ,2017,SP  ,CSI
HM  ,F,HUND,    ,CSCI060  HM ,2017,FA  ,UND
HM  ,F,HUND,    ,CSCI060  HM ,2017,SP  ,UND
HM  ,F,HUND,    ,CSCI060  HM ,2017,SP  ,UND
HM  ,M,HUND,    ,CSCI060  HM ,2017,FA  ,UND
HM  ,F,HUND,    ,CSCI060  HM ,2017,FA  ,UND
HM  ,M,HUND,    ,CSCI060  HM ,2017,SP  ,UND
HM  ,M,HUND,    ,CSCI060  HM ,2017,FA  ,UND
HM  ,F,HUND,    ,CSCI060  HM ,2017,SP  ,UND
HM  ,F,HUND,    ,CSCI060  HM ,2017,FA  ,UND
HM  ,F,HUND,    ,CSCI060  HM ,2017,FA  ,UND
HM  ,M,HUND,    ,CSCI060  HM ,2017,SP  ,UND
HM  ,F,HUND,    ,CSCI060  HM ,2017,SP  ,UND
HM  ,F,HUND,    ,CSCI060  HM ,2017,SP  ,UND
HM  ,F,HUND,    ,CSCI060  HM ,2017,SP  ,UND
HM  ,M,HUND,    ,CSCI060  HM ,2017,FA  ,UND
HM  ,M,HUND,    ,CSCI060  HM ,2017,FA  ,UND
HM  ,F,HUND,    ,CSCI060  HM ,2017,SP  ,UND
HM  ,F,HUND,    ,CSCI060  HM ,2017,SP  ,UND
HM  ,F,HUND,    ,CSCI060  HM ,2017,SP  ,UND
HM  ,M,HUND,    ,CSCI060  HM ,2017,SP  ,UND
HM  ,F,HUND,    ,CSCI060  HM ,2017,SP  ,UND
HM  ,F,HUND,    ,CSCI060  HM ,2017,SP  ,UND
HM  ,F,HUND,    ,CSCI060  HM ,2017,FA  ,UND
HM  ,F,HUND,    ,CSCI060  HM ,2017,SP  ,UND
HM  ,M,HUND,    ,CSCI060  HM ,2017,FA  ,UND
HM  ,M,HUND,    ,CSCI060  HM ,2017,FA  ,UND
HM  ,M,HUND,    ,CSCI060  HM ,2017,SP  ,UND
HM  ,F,HUND,    ,CSCI060  HM ,2017,FA  ,UND
HM  ,M,HUND,    ,CSCI060  HM ,2017,SP  ,UND
HM  ,F,HUND,    ,CSCI060  HM ,2017,FA  ,UND
HM  ,M,HUND,    ,CSCI060  HM ,2017,SP  ,UND
HM  ,M,HUND,    ,CSCI060  HM ,2017,SP  ,UND
HM  ,F,HUND,    ,CSCI060  HM ,2017,FA  ,UND
HM  ,M,HUND,    ,CSCI060  HM ,2017,FA  ,UND
HM  ,M,HUND,    ,CSCI060  HM ,2017,FA  ,UND
HM  ,M,HUND,    ,CSCI060  HM ,2017,FA  ,UND
HM  ,M,HUND,    ,CSCI060  HM ,2017,SP  ,UND
HM  ,M,HUND,    ,CSCI060  HM ,2017,FA  ,UND
HM  ,F,HUND,    ,CSCI060  HM ,2017,FA  ,UND
HM  ,M,HMCB,    ,CSCI060  HM ,2017,SP  ,MCB
HM  ,M,HUND,    ,CSCI060  HM ,2017,SP  ,UND
HM  ,F,HUND,    ,CSCI060  HM ,2017,FA  ,UND
HM  ,F,HUND,    ,CSCI060  HM ,2017,FA  ,UND
HM  ,F,HUND,    ,CSCI060  HM ,2017,SP  ,UND
HM  ,M,HUND,    ,CSCI060  HM ,2017,SP  ,UND
HM  ,F,HUND,    ,CSCI060  HM ,2017,FA  ,UND
HM  ,F,HUND,    ,CSCI060  HM ,2017,FA  ,UND
HM  ,M,HUND,    ,CSCI060  HM ,2017,FA  ,UND
HM  ,F,HUND,    ,CSCI060  HM ,2017,FA  ,UND
HM  ,F,HUND,    ,CSCI060  HM ,2017,SP  ,UND
HM  ,F,HUND,    ,CSCI060  HM ,2017,SP  ,UND
HM  ,M,HUND,    ,CSCI060  HM ,2017,SP  ,UND
HM  ,M,HUND,    ,CSCI060  HM ,2017,SP  ,UND
HM  ,F,HUND,    ,CSCI060  HM ,2017,FA  ,UND
HM  ,F,HUND,    ,CSCI060  HM ,2017,SP  ,UND
HM  ,F,HUND,    ,CSCI060  HM ,2017,FA  ,UND
HM  ,F,HUND,    ,CSCI060  HM ,2017,FA  ,UND
HM  ,M,HUND,    ,CSCI060  HM ,2017,FA  ,UND
HM  ,M,HUND,    ,CSCI060  HM ,2017,SP  ,UND
HM  ,M,HUND,    ,CSCI060  HM ,2017,SP  ,UND
HM  ,F,HUND,    ,CSCI060  HM ,2017,SP  ,UND
HM  ,M,HUND,    ,CSCI060  HM ,2017,FA  ,UND
HM  ,F,HUND,    ,CSCI060  HM ,2017,SP  ,UND
HM  ,F,HUND,    ,CSCI060  HM ,2017,SP  ,UND
HM  ,F,HUND,    ,CSCI060  HM ,2017,FA  ,UND
HM  ,F,HCHE,    ,CSCI060  HM ,2017,SP  ,CHE
HM  ,M,HUND,    ,CSCI060  HM ,2017,SP  ,UND
HM  ,M,HUND,    ,CSCI060  HM ,2017,FA  ,UND
HM  ,M,HUND,    ,CSCI060  HM ,2017,FA  ,UND
HM  ,M,HUND,    ,CSCI060  HM ,2017,FA  ,UND
HM  ,F,HUND,    ,CSCI060  HM ,2017,SP  ,UND
HM  ,M,HNON,    ,CSCI060  HM ,2017,SP  ,NON
PZ  ,M,ZPHY,Z430,CSCI060  HM ,2011,SP  ,PHY
PZ  ,M,ZORG,    ,CSCI060  HM ,2010,SP  ,ORG
PZ  ,M,Z518,    ,CSCI060  HM ,2014,SP  ,518
PZ  ,F,ZEVA,    ,CSCI060  HM ,2014,SP  ,EVA
PZ  ,M,ZIPE,    ,CSCI060  HM ,2014,SP  ,IPE
PZ  ,F,Z482,    ,CSCI060  HM ,2012,SP  ,482
PZ  ,M,ZLIN,    ,CSCI060  HM ,2012,FA  ,LIN
PZ  ,F,ZEVA,    ,CSCI060  HM ,2012,SP  ,EVA
PZ  ,M,ZMAT,    ,CSCI060  HM ,2012,SP  ,MAT
PZ  ,M,ZCHE,    ,CSCI060  HM ,2014,SP  ,CHE
PZ  ,F,ZLIN,    ,CSCI060  HM ,2014,FA  ,LIN
PZ  ,F,HCSI,    ,CSCI060  HM ,2012,FA  ,CSI
PZ  ,F,HCSI,    ,CSCI060  HM ,2013,SP  ,CSI
PZ  ,F,HCSI,    ,CSCI060  HM ,2012,SP  ,CSI
PZ  ,M,HCSI,    ,CSCI060  HM ,2013,SP  ,CSI
PZ  ,F,ZMDS,    ,CSCI060  HM ,2013,SP  ,MDS
PZ  ,M,ZSMG,    ,CSCI060  HM ,2014,SP  ,SMG
PZ  ,M,ZPSY,    ,CSCI060  HM ,2014,FA  ,PSY
PZ  ,M,ZMDS,    ,CSCI060  HM ,2013,SP  ,MDS
PZ  ,F,ZPHI,    ,CSCI060  HM ,2013,SP  ,PHI
PZ  ,M,ZMDS,    ,CSCI060  HM ,2014,SP  ,MDS
PZ  ,M,ZSMG,    ,CSCI060  HM ,2014,SP  ,SMG
PZ  ,F,ZARS,    ,CSCI060  HM ,2014,SP  ,ARS
PZ  ,M,HCSI,ZSMP,CSCI060  HM ,2014,SP  ,CSI
PZ  ,F,ZBIO,    ,CSCI060  HM ,2015,FA  ,BIO
PZ  ,M,ZMAT,    ,CSCI060  HM ,2016,SP  ,MAT
PZ  ,M,ZECO,ZHIS,CSCI060  HM ,2015,FA  ,ECO
PZ  ,M,HCSI,    ,CSCI060  HM ,2013,SP  ,CSI
PZ  ,M,ZIPE,    ,CSCI060  HM ,2015,FA  ,IPE
PZ  ,M,ZPHY,    ,CSCI060  HM ,2014,SP  ,PHY
PZ  ,M,ZUND,    ,CSCI060  HM ,2016,SP  ,UND
PZ  ,F,ZECO,    ,CSCI060  HM ,2016,FA  ,ECO
PZ  ,M,ZMDS,    ,CSCI060  HM ,2016,FA  ,MDS
PZ  ,M,ZSOC,HCSI,CSCI060  HM ,2014,SP  ,SOC
PZ  ,F,Z559,    ,CSCI060  HM ,2014,SP  ,559
PZ  ,M,ZHBI,    ,CSCI060  HM ,2014,FA  ,HBI
PZ  ,F,HCSI,    ,CSCI060  HM ,2014,SP  ,CSI
PZ  ,M,ZBPH,    ,CSCI060  HM ,2016,FA  ,BPH
PZ  ,F,ZECO,ZMAT,CSCI060  HM ,2016,FA  ,ECO
PZ  ,M,ZSMG,    ,CSCI060  HM ,2016,SP  ,SMG
PZ  ,F,PLCS,    ,CSCI060  HM ,2016,SP  ,LCS
PZ  ,F,ZBPH,    ,CSCI060  HM ,2016,SP  ,BPH
PZ  ,M,ZPOL,    ,CSCI060  HM ,2015,FA  ,POL
PZ  ,F,ZUND,    ,CSCI060  HM ,2017,FA  ,UND
PZ  ,M,HCSI,    ,CSCI060  HM ,2015,FA  ,CSI
PZ  ,M,ZECO,ZEVA,CSCI060  HM ,2016,SP  ,ECO
PZ  ,M,ZMGE,    ,CSCI060  HM ,2017,SP  ,MGE
PZ  ,F,ZMGE,    ,CSCI060  HM ,2016,SP  ,MGE
PZ  ,M,ZSTS,ZSPA,CSCI060  HM ,2017,FA  ,STS
PZ  ,M,HCSI,    ,CSCI060  HM ,2015,FA  ,CSI
PZ  ,M,HCSI,    ,CSCI060  HM ,2015,FA  ,CSI
PZ  ,M,ZUND,    ,CSCI060  HM ,2014,FA  ,UND
PZ  ,F,ZUND,    ,CSCI060  HM ,2017,FA  ,UND
PZ  ,M,ZMEC,    ,CSCI060  HM ,2017,SP  ,MEC
PZ  ,M,ZUND,    ,CSCI060  HM ,2016,SP  ,UND
PZ  ,M,ZUND,    ,CSCI060  HM ,2016,FA  ,UND
PZ  ,M,HCSI,ZNEU,CSCI060  HM ,2016,SP  ,CSI
PZ  ,M,HCSI,    ,CSCI060  HM ,2016,SP  ,CSI
PZ  ,M,PLCS,    ,CSCI060  HM ,2016,FA  ,LCS
PZ  ,F,ZUND,    ,CSCI060  HM ,2017,FA  ,UND
PZ  ,M,ZMEC,    ,CSCI060  HM ,2016,SP  ,MEC
PZ  ,M,HCSI,    ,CSCI060  HM ,2016,SP  ,CSI
PZ  ,M,HCSI,    ,CSCI060  HM ,2017,SP  ,CSI
PZ  ,M,HCSM,ZECO,CSCI060  HM ,2016,FA  ,CSM
PZ  ,M,HCSI,    ,CSCI060  HM ,2016,SP  ,CSI
PZ  ,M,ZUND,    ,CSCI060  HM ,2017,FA  ,UND
PZ  ,M,ZUND,    ,CSCI060  HM ,2017,SP  ,UND
PZ  ,M,ZUND,    ,CSCI060  HM ,2017,FA  ,UND
PZ  ,F,HCSI,    ,CSCI060  HM ,2017,SP  ,CSI
PZ  ,M,ZUND,    ,CSCI060  HM ,2017,FA  ,UND
PZ  ,M,ZUND,    ,CSCI060  HM ,2017,FA  ,UND
PZ  ,F,ZUND,    ,CSCI060  HM ,2017,FA  ,UND
PZ  ,F,ZUND,    ,CSCI060  HM ,2017,FA  ,UND
PZ  ,M,HMCB,    ,CSCI060  HM ,2017,SP  ,MCB
PZ  ,M,ZUND,    ,CSCI060  HM ,2017,FA  ,UND
PZ  ,M,ZUND,    ,CSCI060  HM ,2017,FA  ,UND
PZ  ,F,ZUND,    ,CSCI060  HM ,2017,FA  ,UND
PZ  ,M,HCSI,    ,CSCI060  HM ,2017,SP  ,CSI
PZ  ,M,ZUND,    ,CSCI060  HM ,2017,FA  ,UND
PZ  ,F,ZUND,    ,CSCI060  HM ,2017,FA  ,UND
PZ  ,M,ZUND,    ,CSCI060  HM ,2017,FA  ,UND
PZ  ,M,ZUND,    ,CSCI060  HM ,2017,FA  ,UND
PZ  ,M,ZUND,    ,CSCI060  HM ,2017,FA  ,UND
